названия товара трек,Совпадение,Сходство,Цена
"Профнастил С8 Antique Wood 0,45 мм Print Twincolor ","Профнастил С10R 0,45 Drap TwinColor RAL 8017 шоколад",58.82352941176471,857 ₽/м2
"Профнастил С8 Antique Wood 0,45 мм Print double ","Профнастил С10R 0,45 PE-Double RAL 9005 черный",55.91397849462365,796 ₽/м2
Профнастил С44 RAL 9006 бело-алюминиевый ,"Профнастил С21R 0,45 PE RAL 9006 бело-алюминиевый",85.39325842696628,823 ₽/м2
Профнастил С44 RAL 9003 сигнальный белый ,"Профнастил С20R 0,7 PE RAL 9003 сигнальный белый",86.36363636363636,1 088 ₽/м2
Профнастил С44 RAL 9002 светло-серый ,"Профнастил С20R 0,45 PE RAL 6002 лиственно-зеленый",67.44186046511628,746 ₽/м2
Профнастил С44 RAL 8017 шоколадно-коричневый ,"Профнастил С21R 0,4 PE RAL 8017 шоколад",69.87951807228916,627 ₽/м2
Профнастил С44 RAL 7040 серое окно ,"Профнастил С21R 0,7 PE RAL 3005 красное вино",69.23076923076923,1 227 ₽/м2
Профнастил С44 RAL 7035 светло-серый ,"Профнастил С20R 0,45 PE RAL 7005 мышино-серый",69.1358024691358,766 ₽/м2
Профнастил С44 RAL 7024 графитовый серый ,"Профнастил С10R 0,45 PE RAL 7016 антрацитово-серый",68.88888888888889,731 ₽/м2
Профнастил С44 RAL 7004 сигнальный серый ,"Профнастил С21R 0,7 PE RAL 7004 сигнальный серый",86.36363636363636,1 197 ₽/м2
Профнастил С44 RAL 6005 зеленый мох ,"Профнастил С21R 0,7 PE RAL 6005 зеленый мох",84.61538461538461,1 197 ₽/м2
Профнастил С44 RAL 5005 сигнальный синий ,"Профнастил С20R 0,4 PE RAL 5005 сигнальный синий",86.36363636363636,575 ₽/м2
Профнастил С44 RAL 3005 винно-красный ,"Профнастил С21R 0,7 PE RAL 3005 красное вино",76.54320987654322,1 227 ₽/м2
Профнастил С44 RAL 1015 светлая слоновая кость ,"Профнастил С21R 0,45 PE RAL 1015 светлая слоновая кость",87.12871287128714,803 ₽/м2
Профнастил С44 RAL 1014 слоновая кость ,"Профнастил С10R 0,4 PE RAL 1014 слоновая кость",85.71428571428572,576 ₽/м2
"Профнастил С21 RR 32 темно-коричневый 0,45 мм Drap ","Профнастил С21R 0,45 Drap RR 32 темно-коричневый",95.91836734693877,938 ₽/м2
Профнастил С21 RAL 9006 бело-алюминиевый ,"Профнастил С21R 0,45 PE RAL 9006 бело-алюминиевый",89.8876404494382,823 ₽/м2
"Профнастил С21 RAL 9006 бело-алюминиевый 0,45 мм Полиэстер ","Профнастил С21R 0,45 PE RAL 9006 бело-алюминиевый",84.11214953271028,823 ₽/м2
Профнастил С21 RAL 9003 сигнальный белый ,"Профнастил С21R 0,7 PE RAL 9003 сигнальный белый",90.9090909090909,1 197 ₽/м2
"Профнастил С21 RAL 9003 сигнальный белый 0,45 мм Полиэстер ","Профнастил С21R 0,45 PE RAL 9003 сигнальный белый",84.11214953271028,803 ₽/м2
Профнастил С21 RAL 9002 светло-серый ,"Профнастил С21R 0,45 PE RAL 6002 лиственно-зеленый",72.09302325581395,808 ₽/м2
Профнастил С21 RAL 8017 шоколадно-коричневый ,"Профнастил С21R 0,4 PE RAL 8017 шоколад",74.69879518072288,627 ₽/м2
"Профнастил С21 RAL 8017 шоколадно-коричневый 0,45 мм Полиэстер ","Профнастил С21R 0,45 PE RAL 8017 шоколад",70.58823529411764,803 ₽/м2
"Профнастил С21 RAL 8017 шоколадно-коричневый 0,45 мм Drap ","Профнастил С21R 0,45 Drap RAL 8017 шоколад",82.82828282828282,938 ₽/м2
"Профнастил С21 RAL 8004 медно-коричневый 0,45 мм Полиэстер ","Профнастил С21R 0,45 PE RR 32 темно-коричневый",71.15384615384616,803 ₽/м2
"Профнастил С21 RAL 8004 медно-коричневый 0,45 мм Drap ","Профнастил С21R 0,45 Drap RR 32 темно-коричневый",83.16831683168317,938 ₽/м2
Профнастил С21 RAL 7040 серое окно ,"Профнастил С21R 0,7 PE RAL 3005 красное вино",74.35897435897436,1 227 ₽/м2
Профнастил С21 RAL 7035 светло-серый ,"Профнастил С21R 0,45 PE RAL 7005 мышино-серый",74.07407407407408,828 ₽/м2
Профнастил С21 RAL 7024 графитовый серый ,"Профнастил С21R 0,45 PE RAL 7016 антрацитово-серый",73.33333333333334,810 ₽/м2
"Профнастил С21 RAL 7024 графитовый серый 0,45 мм Полиэстер-double ","Профнастил С21R 0,45 PE lite RAL 7024 мокрый асфальт",68.37606837606837,Под заказ
"Профнастил С21 RAL 7024 графитовый серый 0,45 мм Drap ","Профнастил С21R 0,45 Drap RAL 7024 мокрый асфальт",82.35294117647058,938 ₽/м2
"Профнастил С21 RAL 7005 мышино-серый 0,45 мм Полиэстер ","Профнастил С21R 0,45 PE RAL 7005 мышино-серый",82.82828282828282,828 ₽/м2
Профнастил С21 RAL 7004 сигнальный серый ,"Профнастил С21R 0,7 PE RAL 7004 сигнальный серый",90.9090909090909,1 197 ₽/м2
Профнастил С21 RAL 6005 зеленый мох ,"Профнастил С21R 0,7 PE RAL 6005 зеленый мох",89.74358974358975,1 197 ₽/м2
"Профнастил С21 RAL 6005 зелёный мох 0,45 мм Полиэстер-double ","Профнастил С21R 0,45 PE lite RAL 6005 зеленый мох",77.06422018348624,Под заказ
"Профнастил С21 RAL 6005 зелёный мох 0,45 мм Полиэстер ","Профнастил С21R 0,45 PE RAL 6005 зеленый мох",80.41237113402062,803 ₽/м2
"Профнастил С21 RAL 6005 зелёный мох 0,45 мм Drap ","Профнастил С21R 0,45 Drap RAL 6005 зеленый мох",93.61702127659575,943 ₽/м2
"Профнастил С21 RAL 6002 лиственно-зелёный 0,45 мм Полиэстер ","Профнастил С21R 0,45 PE RAL 6002 лиственно-зеленый",82.56880733944953,808 ₽/м2
"Профнастил С21 RAL 5021 водная синь 0,45 мм Полиэстер ","Профнастил С21R 0,45 PE RAL 5021 водная синь",82.4742268041237,828 ₽/м2
Профнастил С21 RAL 5005 сигнальный синий ,"Профнастил С21R 0,7 PE RAL 5005 сигнальный синий",90.9090909090909,1 204 ₽/м2
"Профнастил С21 RAL 5002 ультрамариново-синий 0,45 мм Полиэстер ","Профнастил С21R 0,45 PE RAL 5002 ультрамариново-синий",85.21739130434783,823 ₽/м2
"Профнастил С21 RAL 3011 коричнево-красный 0,45 мм Полиэстер ","Профнастил С21R 0,45 PE RAL 3011 коричнево-красный",84.40366972477065,828 ₽/м2
"Профнастил С21 RAL 3009 оксид красный 0,45 мм Полиэстер ","Профнастил С21R 0,45 PE RAL 3009 оксидно-красный",69.90291262135922,833 ₽/м2
Профнастил С21 RAL 3005 винно-красный ,"Профнастил С21R 0,7 PE RAL 3005 красное вино",81.4814814814815,1 227 ₽/м2
"Профнастил С21 RAL 3005 винно-красный 0,45 мм Полиэстер-double ","Профнастил С21R 0,45 PE lite RAL 3005 красное вино",73.21428571428572,Под заказ
"Профнастил С21 RAL 3005 винно-красный 0,45 мм Полиэстер ","Профнастил С21R 0,45 PE RAL 3005 красное вино",76.0,823 ₽/м2
"Профнастил С21 RAL 3005 винно-красный 0,45 мм Drap ","Профнастил С21R 0,45 Drap RAL 3005 красное вино",88.65979381443299,948 ₽/м2
"Профнастил С21 RAL 3003 рубиново-красный 0,45 мм Полиэстер ","Профнастил С21R 0,45 PE RAL 3003 рубиново-красный",84.11214953271028,843 ₽/м2
"Профнастил С21 RAL 2004 оранжевый 0,45 мм Полиэстер ","Профнастил С21R 0,45 PE RAL 2004 оранжевый",81.72043010752688,853 ₽/м2
"Профнастил С21 RAL 1018 цинково-жёлтый 0,45 мм Полиэстер ","Профнастил С21R 0,45 PE RAL 1018 цинково-желтый",81.55339805825243,853 ₽/м2
Профнастил С21 RAL 1015 светлая слоновая кость ,"Профнастил С21R 0,45 PE RAL 1015 светлая слоновая кость",91.0891089108911,803 ₽/м2
"Профнастил С21 RAL 1015 светлая слоновая кость 0,45 мм Полиэстер ","Профнастил С21R 0,45 PE RAL 1015 светлая слоновая кость",85.71428571428572,803 ₽/м2
Профнастил С21 RAL 1014 слоновая кость ,"Профнастил С21R 0,4 PE RAL 1014 слоновая кость",90.47619047619048,637 ₽/м2
"Профнастил С10 RR 32 темно-коричневый 0,45 мм Полиэстер ","Профнастил С10R 0,45 PE RR 32 темно-коричневый",83.16831683168317,724 ₽/м2
"Профнастил С10 RR 32 темно-коричневый 0,45 мм Drap ","Профнастил С10R 0,45 Drap RR 32 темно-коричневый",95.91836734693877,845 ₽/м2
"Профнастил С10 Rowan 0,45 мм Print Twincolor ","Профнастил С10R 0,45 Drap TwinColor RAL 8017 шоколад",68.75,857 ₽/м2
"Профнастил С10 RAL 9006 бело-алюминиевый 0,45 мм Полиэстер ","Профнастил С10R 0,45 PE RAL 9006 бело-алюминиевый",84.11214953271028,744 ₽/м2
"Профнастил С10 RAL 8017 шоколадно-коричневый 0,45 мм Полиэстер-double ","Профнастил С10R 0,45 PE-Double RR 32 темно-коричневый",68.85245901639344,776 ₽/м2
"Профнастил С10 RAL 8017 шоколадно-коричневый 0,45 мм Полиэстер ","Профнастил С10R 0,45 PE RAL 8017 шоколад",70.58823529411764,724 ₽/м2
"Профнастил С10 RAL 8017 шоколадно-коричневый 0,45 мм Drap ","Профнастил С10R 0,45 Drap RAL 8017 шоколад",82.82828282828282,845 ₽/м2
"Профнастил С10 RAL 8004 медно-коричневый 0,45 мм Полиэстер ","Профнастил С10R 0,45 PE RR 32 темно-коричневый",71.15384615384616,724 ₽/м2
"Профнастил С10 RAL 8004 медно-коричневый 0,45 мм Drap ","Профнастил С10R 0,45 Drap RR 32 темно-коричневый",83.16831683168317,845 ₽/м2
"Профнастил С10 RAL 7024 графитовый серый 0,45 мм Полиэстер-double ","Профнастил С10R 0,45 PE-Double RAL 7024 мокрый асфальт",67.22689075630252,776 ₽/м2
"Профнастил С10 RAL 7024 графитовый серый 0,45 мм Полиэстер ","Профнастил С10R 0,45 PE RAL 7024 мокрый асфальт",70.47619047619047,724 ₽/м2
"Профнастил С10 RAL 7024 графитовый серый 0,45 мм Drap ","Профнастил С10R 0,45 Drap RAL 7024 мокрый асфальт",82.35294117647058,845 ₽/м2
"Профнастил С10 RAL 7005 мышино-серый 0,45 мм Полиэстер ","Профнастил С10R 0,45 PE RAL 7005 мышино-серый",82.82828282828282,749 ₽/м2
"Профнастил С10 RAL 7004 сигнальный серый 0,45 мм Полиэстер ","Профнастил С10R 0,45 PE RAL 7004 сигнальный серый",84.11214953271028,724 ₽/м2
"Профнастил С10 RAL 6005 зелёный мох 0,45 мм Полиэстер-double ","Профнастил С10R 0,45 PE-Double RAL 6005 зеленый мох",75.67567567567568,776 ₽/м2
"Профнастил С10 RAL 6005 зелёный мох 0,45 мм Полиэстер ","Профнастил С10R 0,45 PE RAL 6005 зеленый мох",80.41237113402062,724 ₽/м2
"Профнастил С10 RAL 6005 зелёный мох 0,45 мм Drap ","Профнастил С10R 0,45 Drap RAL 6005 зеленый мох",93.61702127659575,850 ₽/м2
"Профнастил С10 RAL 6002 лиственно-зелёный 0,45 мм Полиэстер ","Профнастил С10R 0,45 PE RAL 6002 лиственно-зеленый",82.56880733944953,729 ₽/м2
"Профнастил С10 RAL 5021 водная синь 0,45 мм Полиэстер ","Профнастил С10R 0,45 PE RAL 5021 водная синь",82.4742268041237,749 ₽/м2
"Профнастил С10 RAL 5005 сигнальный синий 0,45 мм Полиэстер ","Профнастил С10R 0,45 PE RAL 5005 сигнальный синий",84.11214953271028,724 ₽/м2
"Профнастил С10 RAL 3011 коричнево-красный 0,45 мм Полиэстер ","Профнастил С10R 0,45 PE RAL 3011 коричнево-красный",84.40366972477065,749 ₽/м2
"Профнастил С10 RAL 3009 оксид красный 0,45 мм Полиэстер ","Профнастил С10R 0,45 PE RAL 3009 оксидно-красный",69.90291262135922,754 ₽/м2
"Профнастил С10 RAL 3005 винно-красный 0,45 мм Полиэстер-double ","Профнастил С10R 0,45 PE-Double RAL 3005 красное вино",71.9298245614035,796 ₽/м2
"Профнастил С10 RAL 3005 винно-красный 0,45 мм Полиэстер ","Профнастил С10R 0,45 PE RAL 3005 красное вино",76.0,744 ₽/м2
"Профнастил С10 RAL 3005 винно-красный 0,45 мм Drap ","Профнастил С10R 0,45 Drap RAL 3005 красное вино",88.65979381443299,855 ₽/м2
"Профнастил С10 RAL 3003 рубиново-красный 0,45 мм Полиэстер ","Профнастил С10R 0,45 PE RAL 3003 рубиново-красный",84.11214953271028,764 ₽/м2
"Профнастил С10 RAL 2004 оранжевый 0,45 мм Полиэстер ","Профнастил С10R 0,45 PE RAL 2004 оранжевый",81.72043010752688,774 ₽/м2
"Профнастил С10 RAL 1018 цинково-жёлтый 0,45 мм Полиэстер ","Профнастил С10R 0,45 PE RAL 1018 цинково-желтый",81.55339805825243,774 ₽/м2
"Профнастил С10 RAL 1015 светлая слоновая кость 0,45 мм Полиэстер ","Профнастил С10R 0,45 PE RAL 1015 светлая слоновая кость",85.71428571428572,724 ₽/м2
"Профнастил С10 RAL 1014 слоновая кость 0,45 мм Полиэстер ","Профнастил С10R 0,45 PE RAL 1014 слоновая кость",83.49514563106796,724 ₽/м2
"Профнастил С10 Golden Wood 0,45 мм Print double ","Профнастил С10R 0,45 PE-Double RAL 9005 черный",60.215053763440864,796 ₽/м2
"Профнастил С10 Antique Wood 0,45 мм Print double ","Профнастил С10R 0,45 PE-Double RAL 9005 черный",59.57446808510638,796 ₽/м2
"Профнастил НС35 RR 32 темно-коричневый 0,45 мм Полиэстер ","Профнастил НС35R 0,45 PE RR 32 темно-коричневый",83.49514563106796,798 ₽/м2
"Профнастил НС35 RR 32 темно-коричневый 0,45 мм Drap ","Профнастил НС35R 0,45 Drap RR 32 темно-коричневый",96.0,938 ₽/м2
Профнастил НС35 RAL 9006 бело-алюминиевый ,"Профнастил НС35R 0,45 PE RAL 9006 бело-алюминиевый",90.10989010989012,818 ₽/м2
"Профнастил НС35 RAL 9006 бело-алюминиевый 0,45 мм Полиэстер ","Профнастил НС35R 0,45 PE RAL 9006 бело-алюминиевый",84.40366972477065,818 ₽/м2
Профнастил НС35 RAL 9003 сигнальный белый ,"Профнастил НС35R 0,7 PE RAL 9003 сигнальный белый",91.11111111111111,1 187 ₽/м2
"Профнастил НС35 RAL 9003 сигнальный белый 0,45 мм Полиэстер ","Профнастил НС35R 0,45 PE RAL 9003 сигнальный белый",84.40366972477065,798 ₽/м2
Профнастил НС35 RAL 9002 светло-серый ,"Профнастил НС35R 0,45 PE RAL 9005 черный",72.72727272727273,818 ₽/м2
Профнастил НС35 RAL 8017 шоколадно-коричневый ,"Профнастил НС35R 0,7 PE RAL 8017 шоколад",75.29411764705883,1 187 ₽/м2
"Профнастил НС35 RAL 8017 шоколадно-коричневый 0,45 мм Полиэстер-double ","Профнастил НС35R 0,45 PE RAL 8017 шоколад",66.66666666666667,798 ₽/м2
"Профнастил НС35 RAL 8017 шоколадно-коричневый 0,45 мм Полиэстер ","Профнастил НС35R 0,45 PE RAL 8017 шоколад",71.15384615384616,798 ₽/м2
"Профнастил НС35 RAL 8017 шоколадно-коричневый 0,45 мм Drap ","Профнастил НС35R 0,45 Drap RAL 8017 шоколад",83.16831683168317,938 ₽/м2
"Профнастил НС35 RAL 8004 медно-коричневый 0,45 мм Полиэстер ","Профнастил НС35R 0,45 PE RR 32 темно-коричневый",71.69811320754718,798 ₽/м2
"Профнастил НС35 RAL 8004 медно-коричневый 0,45 мм Drap ","Профнастил НС35R 0,45 Drap RR 32 темно-коричневый",83.49514563106796,938 ₽/м2
Профнастил НС35 RAL 7040 серое окно ,"Профнастил НС35R 0,7 PE RAL 3005 красное вино",75.0,1 217 ₽/м2
Профнастил НС35 RAL 7035 светло-серый ,"Профнастил НС35R 0,45 PE RAL 7005 мышино-серый",74.69879518072288,823 ₽/м2
Профнастил НС35 RAL 7024 графитовый серый ,"Профнастил НС35R 0,45 PE RAL 7016 антрацитово-серый",73.91304347826086,805 ₽/м2
"Профнастил НС35 RAL 7024 графитовый серый 0,45 мм Полиэстер ","Профнастил НС35R 0,45 PE RAL 7024 мокрый асфальт",71.02803738317758,798 ₽/м2
"Профнастил НС35 RAL 7024 графитовый серый 0,45 мм Drap ","Профнастил НС35R 0,45 Drap RAL 7024 мокрый асфальт",82.6923076923077,938 ₽/м2
"Профнастил НС35 RAL 7005 мышино-серый 0,45 мм Полиэстер ","Профнастил НС35R 0,45 PE RAL 7005 мышино-серый",83.16831683168317,823 ₽/м2
Профнастил НС35 RAL 7004 сигнальный серый ,"Профнастил НС35R 0,5 PE RAL 7004 сигнальный серый",91.11111111111111,838 ₽/м2
"Профнастил НС35 RAL 7004 сигнальный серый 0,45 мм Полиэстер ","Профнастил НС35R 0,45 PE RAL 7004 сигнальный серый",84.40366972477065,798 ₽/м2
Профнастил НС35 RAL 6005 зеленый мох ,"Профнастил НС35R 0,7 PE RAL 6005 зеленый мох",90.0,1 187 ₽/м2
"Профнастил НС35 RAL 6005 зелёный мох 0,45 мм Полиэстер-double ","Профнастил НС35R 0,45 PE RAL 6005 зеленый мох",75.47169811320755,798 ₽/м2
"Профнастил НС35 RAL 6005 зелёный мох 0,45 мм Полиэстер ","Профнастил НС35R 0,45 PE RAL 6005 зеленый мох",80.8080808080808,798 ₽/м2
"Профнастил НС35 RAL 6005 зелёный мох 0,45 мм Drap ","Профнастил НС35R 0,45 Drap RAL 6005 зеленый мох",93.75,943 ₽/м2
"Профнастил НС35 RAL 6002 лиственно-зелёный 0,45 мм Полиэстер ","Профнастил НС35R 0,45 PE RAL 6002 лиственно-зеленый",82.88288288288288,803 ₽/м2
"Профнастил НС35 RAL 5021 водная синь 0,45 мм Полиэстер ","Профнастил НС35R 0,45 PE RAL 5021 водная синь",82.82828282828282,823 ₽/м2
Профнастил НС35 RAL 5005 сигнальный синий ,"Профнастил НС35R 0,7 PE RAL 5005 сигнальный синий",91.11111111111111,1 194 ₽/м2
"Профнастил НС35 RAL 5005 сигнальный синий 0,45 мм Полиэстер ","Профнастил НС35R 0,45 PE RAL 5005 сигнальный синий",84.40366972477065,798 ₽/м2
"Профнастил НС35 RAL 5002 ультрамариново-синий 0,45 мм Полиэстер ","Профнастил НС35R 0,45 PE RAL 5002 ультрамариново-синий",85.47008547008546,818 ₽/м2
"Профнастил НС35 RAL 3011 коричнево-красный 0,45 мм Полиэстер ","Профнастил НС35R 0,45 PE RAL 3011 коричнево-красный",84.68468468468468,823 ₽/м2
"Профнастил НС35 RAL 3009 оксид красный 0,45 мм Полиэстер ","Профнастил НС35R 0,45 PE RAL 3009 оксидно-красный",70.47619047619047,828 ₽/м2
Профнастил НС35 RAL 3005 винно-красный ,"Профнастил НС35R 0,7 PE RAL 3005 красное вино",81.92771084337349,1 217 ₽/м2
"Профнастил НС35 RAL 3005 винно-красный 0,45 мм Полиэстер-double ","Профнастил НС35R 0,45 PE RAL 3005 красное вино",71.55963302752293,818 ₽/м2
"Профнастил НС35 RAL 3005 винно-красный 0,45 мм Полиэстер ","Профнастил НС35R 0,45 PE RAL 3005 красное вино",76.47058823529412,818 ₽/м2
"Профнастил НС35 RAL 3005 винно-красный 0,45 мм Drap ","Профнастил НС35R 0,45 Drap RAL 3005 красное вино",88.88888888888889,948 ₽/м2
"Профнастил НС35 RAL 3003 рубиново-красный 0,45 мм Полиэстер ","Профнастил НС35R 0,45 PE RAL 3003 рубиново-красный",84.40366972477065,838 ₽/м2
"Профнастил НС35 RAL 2004 оранжевый 0,45 мм Полиэстер ","Профнастил НС35R 0,45 PE RAL 2004 оранжевый",82.10526315789474,848 ₽/м2
"Профнастил НС35 RAL 1018 цинково-жёлтый 0,45 мм Полиэстер ","Профнастил НС35R 0,45 PE RAL 1018 цинково-желтый",81.9047619047619,848 ₽/м2
Профнастил НС35 RAL 1015 светлая слоновая кость ,"Профнастил НС35R 0,45 PE RAL 1015 светлая слоновая кость",91.2621359223301,798 ₽/м2
"Профнастил НС35 RAL 1015 светлая слоновая кость 0,45 мм Полиэстер ","Профнастил НС35R 0,45 PE RAL 1015 светлая слоновая кость",85.9504132231405,798 ₽/м2
Профнастил НС35 RAL 1014 слоновая кость ,"Профнастил НС35R 0,7 PE RAL 1014 слоновая кость",90.69767441860466,1 187 ₽/м2
"Профнастил НС35 RAL 1014 слоновая кость 0,45 мм Полиэстер ","Профнастил НС35R 0,45 PE RAL 1014 слоновая кость",83.80952380952381,798 ₽/м2
Профнастил НС20 RAL 9006 бело-алюминиевый ,"Профнастил НС35R 0,45 PE RAL 9006 бело-алюминиевый",85.71428571428572,818 ₽/м2
Профнастил НС20 RAL 9003 сигнальный белый ,"Профнастил НС35R 0,7 PE RAL 9003 сигнальный белый",86.66666666666667,1 187 ₽/м2
Профнастил НС20 RAL 9002 светло-серый ,"Профнастил НС35R 0,45 PE RAL 6002 лиственно-зеленый",68.18181818181819,803 ₽/м2
Профнастил НС20 RAL 8017 шоколадно-коричневый ,"Профнастил НС35R 0,7 PE RAL 8017 шоколад",70.58823529411764,1 187 ₽/м2
Профнастил НС20 RAL 7040 серое окно ,"Профнастил НС35R 0,7 PE RAL 3005 красное вино",70.0,1 217 ₽/м2
Профнастил НС20 RAL 7035 светло-серый ,"Профнастил НС35R 0,45 PE RAL 7005 мышино-серый",69.87951807228916,823 ₽/м2
Профнастил НС20 RAL 7024 графитовый серый ,"Профнастил НС35R 0,45 PE RAL 7016 антрацитово-серый",69.56521739130434,805 ₽/м2
Профнастил НС20 RAL 7004 сигнальный серый ,"Профнастил НС35R 0,5 PE RAL 7004 сигнальный серый",86.66666666666667,838 ₽/м2
Профнастил НС20 RAL 6005 зеленый мох ,"Профнастил НС35R 0,7 PE RAL 6005 зеленый мох",85.0,1 187 ₽/м2
Профнастил НС20 RAL 5005 сигнальный синий ,"Профнастил НС35R 0,7 PE RAL 5005 сигнальный синий",86.66666666666667,1 194 ₽/м2
Профнастил НС20 RAL 3005 винно-красный ,"Профнастил НС35R 0,7 PE RAL 3005 красное вино",77.10843373493977,1 217 ₽/м2
Профнастил НС20 RAL 1015 светлая слоновая кость ,"Профнастил НС35R 0,45 PE RAL 1015 светлая слоновая кость",87.37864077669903,798 ₽/м2
Профнастил НС20 RAL 1014 слоновая кость ,"Профнастил НС35R 0,7 PE RAL 1014 слоновая кость",86.04651162790698,1 187 ₽/м2
Профнастил С8 RAL 9006 бело-алюминиевый 0.4 мм,"Профнастил С21R 0,45 PE RAL 9006 бело-алюминиевый",86.31578947368422,823 ₽/м2
Профнастил С8 RAL 9003 сигнальный белый 0.4 мм,"Профнастил С20R 0,4 PE RAL 9003 сигнальный белый",87.2340425531915,575 ₽/м2
"Профнастил С8 RAL 9003 сигнальный белый 0,4 мм Полиэстер ","Профнастил С20R 0,4 PE RAL 9003 сигнальный белый",80.76923076923077,575 ₽/м2
Профнастил С8 RAL 9002 светло-серый 0.4 мм,"Профнастил С20R 0,45 PE RAL 7005 мышино-серый",71.26436781609196,766 ₽/м2
Профнастил С8 RAL 8017 шоколадно-коричневый 0.4 мм,"Профнастил С21R 0,4 PE RAL 8017 шоколад",71.91011235955057,627 ₽/м2
"Профнастил С8 RAL 8017 шоколадно-коричневый 0,4 мм Полиэстер ","Профнастил С21R 0,4 PE RAL 8017 шоколад",66.66666666666667,627 ₽/м2
Профнастил С8 RAL 7040 серое окно 0.4 мм,"Профнастил С20R 0,45 PE RAL 7005 мышино-серый",70.58823529411764,766 ₽/м2
Профнастил С8 RAL 7035 светло-серый 0.4 мм,"Профнастил С20R 0,45 PE RAL 7005 мышино-серый",73.5632183908046,766 ₽/м2
Профнастил С8 RAL 7024 графитовый серый 0.4 мм,"Профнастил С10R 0,4 PE RAL 7024 мокрый асфальт",71.73913043478262,566 ₽/м2
Профнастил С8 RAL 7004 сигнальный серый 0.4 мм,"Профнастил С10R 0,4 PE RAL 7004 сигнальный серый",87.2340425531915,566 ₽/м2
Профнастил С8 RAL 6005 зеленый мох 0.4 мм,"Профнастил С21R 0,4 PE RAL 6005 зеленый мох",85.71428571428572,627 ₽/м2
"Профнастил С8 RAL 6005 зелёный мох 0,4 мм Полиэстер ","Профнастил С21R 0,4 PE RAL 6005 зеленый мох",76.59574468085107,627 ₽/м2
Профнастил С8 RAL 5005 сигнальный синий 0.4 мм,"Профнастил С20R 0,4 PE RAL 5005 сигнальный синий",87.2340425531915,575 ₽/м2
"Профнастил С8 RAL 5005 сигнальный синий 0,4 мм Полиэстер ","Профнастил С20R 0,4 PE RAL 5005 сигнальный синий",80.76923076923077,575 ₽/м2
Профнастил С8 RAL 3005 винно-красный 0.4 мм,"Профнастил С21R 0,4 PE RAL 3005 красное вино",78.16091954022988,642 ₽/м2
"Профнастил С8 RAL 3005 винно-красный 0,4 мм Полиэстер ","Профнастил С21R 0,4 PE RAL 3005 красное вино",72.16494845360825,642 ₽/м2
Профнастил С8 RAL 1015 светлая слоновая кость 0.4 мм,"Профнастил С21R 0,45 PE RAL 1015 светлая слоновая кость",87.85046728971963,803 ₽/м2
Профнастил С8 RAL 1014 слоновая кость 0.4 мм,"Профнастил С10R 0,4 PE RAL 1014 слоновая кость",86.66666666666667,576 ₽/м2
"Профнастил С8 RAL 1014 слоновая кость 0,4 мм Полиэстер ","Профнастил С10R 0,4 PE RAL 1014 слоновая кость",80.0,576 ₽/м2
Профнастил С44 RAL 9006 бело-алюминиевый 0.4 мм,"Профнастил С21R 0,45 PE RAL 9006 бело-алюминиевый",85.41666666666666,823 ₽/м2
Профнастил С44 RAL 9003 сигнальный белый 0.4 мм,"Профнастил С20R 0,4 PE RAL 9003 сигнальный белый",86.31578947368422,575 ₽/м2
Профнастил С44 RAL 9002 светло-серый 0.4 мм,"Профнастил С20R 0,45 PE RAL 7005 мышино-серый",70.45454545454545,766 ₽/м2
Профнастил С44 RAL 8017 шоколадно-коричневый 0.4 мм,"Профнастил С21R 0,4 PE RAL 8017 шоколад",71.11111111111111,627 ₽/м2
Профнастил С44 RAL 7040 серое окно 0.4 мм,"Профнастил С20R 0,45 PE RAL 7005 мышино-серый",69.76744186046511,766 ₽/м2
Профнастил С44 RAL 7035 светло-серый 0.4 мм,"Профнастил С20R 0,45 PE RAL 7005 мышино-серый",72.72727272727273,766 ₽/м2
Профнастил С44 RAL 7024 графитовый серый 0.4 мм,"Профнастил С10R 0,4 PE RAL 7024 мокрый асфальт",70.96774193548387,566 ₽/м2
Профнастил С44 RAL 7004 сигнальный серый 0.4 мм,"Профнастил С10R 0,4 PE RAL 7004 сигнальный серый",86.31578947368422,566 ₽/м2
Профнастил С44 RAL 6005 зеленый мох 0.4 мм,"Профнастил С21R 0,4 PE RAL 6005 зеленый мох",84.70588235294117,627 ₽/м2
Профнастил С44 RAL 5005 сигнальный синий 0.4 мм,"Профнастил С20R 0,4 PE RAL 5005 сигнальный синий",86.31578947368422,575 ₽/м2
Профнастил С44 RAL 3005 винно-красный 0.4 мм,"Профнастил С21R 0,4 PE RAL 3005 красное вино",77.27272727272727,642 ₽/м2
Профнастил С44 RAL 1015 светлая слоновая кость 0.4 мм,"Профнастил С21R 0,45 PE RAL 1015 светлая слоновая кость",87.03703703703704,803 ₽/м2
Профнастил С44 RAL 1014 слоновая кость 0.4 мм,"Профнастил С10R 0,4 PE RAL 1014 слоновая кость",85.71428571428572,576 ₽/м2
Профнастил С21 RAL 9006 бело-алюминиевый 0.4 мм,"Профнастил С21R 0,45 PE RAL 9006 бело-алюминиевый",89.58333333333334,823 ₽/м2
Профнастил С21 RAL 9003 сигнальный белый 0.4 мм,"Профнастил С21R 0,4 PE RAL 9003 сигнальный белый",90.52631578947368,627 ₽/м2
"Профнастил С21 RAL 9003 сигнальный белый 0,4 мм Полиэстер ","Профнастил С21R 0,4 PE RAL 9003 сигнальный белый",83.80952380952381,627 ₽/м2
Профнастил С21 RAL 9002 светло-серый 0.4 мм,"Профнастил С21R 0,45 PE RAL 7005 мышино-серый",75.0,828 ₽/м2
Профнастил С21 RAL 8017 шоколадно-коричневый 0.4 мм,"Профнастил С21R 0,4 PE RAL 8017 шоколад",75.55555555555556,627 ₽/м2
"Профнастил С21 RAL 8017 шоколадно-коричневый 0,4 мм Полиэстер ","Профнастил С21R 0,4 PE RAL 8017 шоколад",70.0,627 ₽/м2
Профнастил С21 RAL 7040 серое окно 0.4 мм,"Профнастил С21R 0,45 PE RAL 7005 мышино-серый",74.4186046511628,828 ₽/м2
Профнастил С21 RAL 7035 светло-серый 0.4 мм,"Профнастил С21R 0,45 PE RAL 7005 мышино-серый",77.27272727272727,828 ₽/м2
Профнастил С21 RAL 7024 графитовый серый 0.4 мм,"Профнастил С21R 0,4 PE RAL 7024 мокрый асфальт",75.26881720430107,627 ₽/м2
Профнастил С21 RAL 7004 сигнальный серый 0.4 мм,"Профнастил С21R 0,4 PE RAL 7004 сигнальный серый",90.52631578947368,627 ₽/м2
"Профнастил С21 RAL 7004 сигнальный серый 0,4 мм Полиэстер ","Профнастил С21R 0,4 PE RAL 7004 сигнальный серый",83.80952380952381,627 ₽/м2
Профнастил С21 RAL 6005 зеленый мох 0.4 мм,"Профнастил С21R 0,4 PE RAL 6005 зеленый мох",89.41176470588236,627 ₽/м2
"Профнастил С21 RAL 6005 зелёный мох 0,4 мм Полиэстер ","Профнастил С21R 0,4 PE RAL 6005 зеленый мох",80.0,627 ₽/м2
Профнастил С21 RAL 5005 сигнальный синий 0.4 мм,"Профнастил С21R 0,4 PE RAL 5005 сигнальный синий",90.52631578947368,627 ₽/м2
"Профнастил С21 RAL 5005 сигнальный синий 0,4 мм Полиэстер ","Профнастил С21R 0,4 PE RAL 5005 сигнальный синий",83.80952380952381,627 ₽/м2
Профнастил С21 RAL 3005 винно-красный 0.4 мм,"Профнастил С21R 0,4 PE RAL 3005 красное вино",81.81818181818181,642 ₽/м2
"Профнастил С21 RAL 3005 винно-красный 0,4 мм Полиэстер ","Профнастил С21R 0,4 PE RAL 3005 красное вино",75.51020408163265,642 ₽/м2
Профнастил С21 RAL 1015 светлая слоновая кость 0.4 мм,"Профнастил С21R 0,45 PE RAL 1015 светлая слоновая кость",90.74074074074075,803 ₽/м2
Профнастил С21 RAL 1014 слоновая кость 0.4 мм,"Профнастил С21R 0,4 PE RAL 1014 слоновая кость",90.10989010989012,637 ₽/м2
"Профнастил С21 RAL 1014 слоновая кость 0,4 мм Полиэстер ","Профнастил С21R 0,4 PE RAL 1014 слоновая кость",83.16831683168317,637 ₽/м2
"Профнастил С10 RAL 9003 сигнальный белый 0,4 мм Полиэстер ","Профнастил С10R 0,4 PE RAL 9003 сигнальный белый",83.80952380952381,566 ₽/м2
"Профнастил С10 RAL 8017 шоколадно-коричневый 0,4 мм Полиэстер ","Профнастил С10R 0,4 PE RAL 8017 шоколад",70.0,566 ₽/м2
"Профнастил С10 RAL 6005 зелёный мох 0,4 мм Полиэстер ","Профнастил С10R 0,4 PE RAL 6005 зеленый мох",80.0,566 ₽/м2
"Профнастил С10 RAL 5005 сигнальный синий 0,4 мм Полиэстер ","Профнастил С10R 0,4 PE RAL 5005 сигнальный синий",83.80952380952381,566 ₽/м2
"Профнастил С10 RAL 3005 винно-красный 0,4 мм Полиэстер ","Профнастил С10R 0,4 PE RAL 3005 красное вино",75.51020408163265,581 ₽/м2
"Профнастил С10 RAL 1014 слоновая кость 0,4 мм Полиэстер ","Профнастил С10R 0,4 PE RAL 1014 слоновая кость",83.16831683168317,576 ₽/м2
Профнастил НС35 RAL 9006 бело-алюминиевый 0.4 мм,"Профнастил НС35R 0,45 PE RAL 9006 бело-алюминиевый",89.79591836734694,818 ₽/м2
Профнастил НС35 RAL 9003 сигнальный белый 0.4 мм,"Профнастил НС35R 0,45 PE RAL 9003 сигнальный белый",89.79591836734694,798 ₽/м2
Профнастил НС35 RAL 9002 светло-серый 0.4 мм,"Профнастил НС35R 0,45 PE RAL 7005 мышино-серый",75.55555555555556,823 ₽/м2
Профнастил НС35 RAL 8017 шоколадно-коричневый 0.4 мм,"Профнастил НС35R 0,45 PE RAL 8017 шоколад",75.26881720430107,798 ₽/м2
Профнастил НС35 RAL 7040 серое окно 0.4 мм,"Профнастил НС35R 0,45 PE RAL 7005 мышино-серый",75.0,823 ₽/м2
Профнастил НС35 RAL 7035 светло-серый 0.4 мм,"Профнастил НС35R 0,45 PE RAL 7005 мышино-серый",77.77777777777779,823 ₽/м2
Профнастил НС35 RAL 7024 графитовый серый 0.4 мм,"Профнастил НС35R 0,45 PE RAL 7024 мокрый асфальт",75.0,798 ₽/м2
Профнастил НС35 RAL 7004 сигнальный серый 0.4 мм,"Профнастил НС35R 0,45 PE RAL 7004 сигнальный серый",89.79591836734694,798 ₽/м2
Профнастил НС35 RAL 6005 зеленый мох 0.4 мм,"Профнастил НС35R 0,45 PE RAL 6005 зеленый мох",88.63636363636364,798 ₽/м2
Профнастил НС35 RAL 5005 сигнальный синий 0.4 мм,"Профнастил НС35R 0,45 PE RAL 5005 сигнальный синий",89.79591836734694,798 ₽/м2
Профнастил НС35 RAL 3005 винно-красный 0.4 мм,"Профнастил НС35R 0,45 PE RAL 3005 красное вино",81.31868131868131,818 ₽/м2
Профнастил НС35 RAL 1015 светлая слоновая кость 0.4 мм,"Профнастил НС35R 0,45 PE RAL 1015 светлая слоновая кость",90.9090909090909,798 ₽/м2
Профнастил НС35 RAL 1014 слоновая кость 0.4 мм,"Профнастил НС35R 0,45 PE RAL 1014 слоновая кость",89.36170212765957,798 ₽/м2
Профнастил НС20 RAL 9006 бело-алюминиевый 0.4 мм,"Профнастил НС35R 0,45 PE RAL 9006 бело-алюминиевый",85.71428571428572,818 ₽/м2
"Профнастил С20 Antique Wood 0,45 мм Print Twincolor ","Профнастил С20R 0,45 Drap TwinColor RAL 8017 шоколад",62.13592233009708,866 ₽/м2
"Профнастил С20 Antique Wood 0,45 мм Print double ","Профнастил С20R 0,45 PE-Double RAL 9005 черный",59.57446808510638,813 ₽/м2
"Профнастил С20 RAL 3011 коричнево-красный 0,4 мм Полиэстер ","Профнастил С20R 0,45 PE RAL 3011 коричнево-красный",83.33333333333334,766 ₽/м2
"Профнастил С20 Golden Dub 0,4 мм Print Twincolor ","Профнастил С20R 0,45 Drap TwinColor RAL 8017 шоколад",62.0,866 ₽/м2
"Профнастил С20 Cherry Wood 0,4 мм Print Twincolor ","Профнастил С20R 0,45 Drap TwinColor RAL 8017 шоколад",61.386138613861384,866 ₽/м2
Профнастил С20 RAL 9003 сигнальный белый Полиэстер ,"Профнастил С20R 0,7 PE RAL 9003 сигнальный белый",81.63265306122449,1 088 ₽/м2
Профнастил С20 RAL 6005 зелёный мох Полиэстер ,"Профнастил С20R 0,7 PE RAL 6005 зеленый мох",77.27272727272727,1 088 ₽/м2
Профнастил С20 RAL 5005 сигнальный синий Полиэстер ,"Профнастил С20R 0,4 PE RAL 5005 сигнальный синий",81.63265306122449,575 ₽/м2
Профнастил С20 RAL 3011 коричнево-красный Полиэстер ,"Профнастил С20R 0,7 PE RAL 3011 коричнево-красный",82.0,1 123 ₽/м2
Профнастил оцинкованный С20 1 мм,"Профнастил С20R 0,45 PE RAL 1018 цинково-желтый",63.29113924050633,791 ₽/м2
Профнастил оцинкованный С20 0.9 мм,"Профнастил С20R 0,45 PE RAL 3009 оксидно-красный",63.41463414634146,771 ₽/м2
Профнастил оцинкованный С20 0.8 мм,"Профнастил С20R 0,45 PE RAL 1018 цинково-желтый",64.19753086419753,791 ₽/м2
Профнастил оцинкованный С20 0.75 мм,"Профнастил С20R 0,45 PE RAL 1018 цинково-желтый",63.41463414634146,791 ₽/м2
"Профнастил С20 RAL 9003 сигнальный белый 0,7 мм Полиэстер ","Профнастил С20R 0,7 PE RAL 9003 сигнальный белый",83.80952380952381,1 088 ₽/м2
"Профнастил С20 RAL 7004 сигнальный серый 0,7 мм Полиэстер ","Профнастил С20R 0,7 PE RAL 7004 сигнальный серый",83.80952380952381,1 088 ₽/м2
"Профнастил С20 RAL 6005 зелёный мох 0,7 мм Полиэстер ","Профнастил С20R 0,7 PE RAL 6005 зеленый мох",80.0,1 088 ₽/м2
"Профнастил С20 RAL 5005 сигнальный синий 0,7 мм Полиэстер ","Профнастил С20R 0,7 PE RAL 5005 сигнальный синий",83.80952380952381,1 095 ₽/м2
"Профнастил С20 RAL 3005 винно-красный 0,7 мм Полиэстер ","Профнастил С20R 0,7 PE RAL 3005 красное вино",75.51020408163265,1 118 ₽/м2
Профнастил оцинкованный С20 0.7 мм ,"Профнастил С20R 0,7 PE RAL 3011 коричнево-красный",62.65060240963856,1 123 ₽/м2
Профнастил оцинкованный С20 0.65 мм,"Профнастил С20R 0,45 PE RAL 1018 цинково-желтый",63.41463414634146,791 ₽/м2
Профнастил оцинкованный С20 0.6 мм ,"Профнастил С20R 0,45 PE RAL 1018 цинково-желтый",61.728395061728406,791 ₽/м2
Профнастил оцинкованный С20 0.55 мм ,"Профнастил С20R 0,45 PE RAL 1018 цинково-желтый",63.41463414634146,791 ₽/м2
"Профнастил С20 RR 887 коричневый 0,5 мм GreenCoat Pural ","Профнастил С20R 0,5 PurPro Matt 275 RR 32 темно-коричневый",72.56637168141593,1 450 ₽/м2
Профнастил С20 RR 33 черный 0.5 мм GreenCoat Pural Matt ,"Профнастил С20R Grand Line 0,5 PurLite Matt RAL 9005 черный",70.17543859649122,1 273 ₽/м2
"Профнастил С20 RR 32 темно-коричневый 0,5 мм Стальной Бархат ","Профнастил С10R 0,5 Satin с пленкой RR 32 темно-коричневый",79.66101694915254,810 ₽/м2
"Профнастил С20 RR 32 темно-коричневый 0,5 мм Quarzit lite ","Профнастил С20R 0,5 Satin Matt RR 32 темно-коричневый",83.63636363636364,1 119 ₽/м2
"Профнастил С20 RR 32 темно-коричневый 0,5 мм Quarzit ","Профнастил С20R 0,5 PurPro RR 32 темно-коричневый",87.12871287128714,1 318 ₽/м2
"Профнастил С20 RR 32 темно-коричневый 0,5 мм GreenCoat Pural ","Профнастил С20R 0,5 PurPro RR 32 темно-коричневый",82.56880733944953,1 318 ₽/м2
"Профнастил С20 RR 32 темно-коричневый 0,5 мм Atlas ","Профнастил С20R 0,5 Atlas X RR 32 темно-коричневый",94.0,1 149 ₽/м2
"Профнастил С20 RR 23 темно-серый 0,5 мм GreenCoat Pural Matt ","Профнастил С20R Grand Line 0,5 PurLite Matt RR 32 темно-коричневый",73.01587301587303,1 273 ₽/м2
"Профнастил С20 RR 23 темно-серый 0,5 мм GreenCoat Pural ","Профнастил С20R 0,5 PurPro Matt 275 RR 32 темно-коричневый",72.56637168141593,1 450 ₽/м2
Профнастил С20 RR 11 темно-зеленый 0.5 мм GreenCoat Pural Matt ,"Профнастил С20R Grand Line 0,5 PurLite Matt RR 32 темно-коричневый",68.75,1 273 ₽/м2
"Профнастил С20 RR 11 темно-зелёный 0,5 мм GreenCoat Pural ","Профнастил С20R Grand Line 0,5 PurLite Matt RR 32 темно-коричневый",68.29268292682926,1 273 ₽/м2
"Профнастил С20 RAL 9005 черный янтарь 0,5 мм Стальной Бархат ","Профнастил С21R 0,5 Satin с пленкой RAL 9005 черный",72.07207207207207,932 ₽/м2
"Профнастил С20 RAL 9005 черный янтарь 0,5 мм Drap ","Профнастил С20R 0,5 Drap RAL 9005 черный",87.64044943820225,948 ₽/м2
"Профнастил С20 RAL 9003 сигнальный белый 0,5 мм Satin ","Профнастил С20R 0,5 Satin RAL 9003 сигнальный белый",96.15384615384616,812 ₽/м2
"Профнастил С20 RAL 8017 шоколадно-коричневый 0,5 мм Стальной Бархат ","Профнастил С20R 0,5 PE с пленкой RAL 8017 шоколад",70.6896551724138,783 ₽/м2
"Профнастил С20 RAL 8017 шоколадно-коричневый 0,5 мм Quarzit ","Профнастил С20R 0,5 PurPro RAL 8017 шоколад",74.50980392156863,1 318 ₽/м2
"Профнастил С20 RAL 8017 шоколадно-коричневый 0,5 мм Atlas ","Профнастил С20R 0,5 Atlas X RAL 8017 шоколад",81.1881188118812,1 149 ₽/м2
"Профнастил С20 RAL 8004 медно-коричневый 0,5 мм Satin ","Профнастил С20R 0,5 Satin RR 32 темно-коричневый",83.16831683168317,812 ₽/м2
"Профнастил С20 RAL 7024 графитовый серый 0,5 мм Стальной Бархат ","Профнастил С20R 0,5 Satin RAL 7016 антрацитово-серый",69.56521739130434,822 ₽/м2
"Профнастил С20 RAL 7024 графитовый серый 0,5 мм Velur20 ","Профнастил С10R 0,5 Velur X RAL 7024 мокрый асфальт",77.35849056603774,1 233 ₽/м2
"Профнастил С20 RAL 7024 графитовый серый 0,5 мм Quarzit lite ","Профнастил С20R 0,5 PE lite RAL 7024 мокрый асфальт",75.67567567567568,Под заказ
"Профнастил С20 RAL 7024 графитовый серый 0,5 мм Quarzit ","Профнастил С20R 0,5 PurPro RAL 7024 мокрый асфальт",74.28571428571429,1 318 ₽/м2
"Профнастил С20 RAL 7024 графитовый серый 0,5 мм Atlas ","Профнастил С20R 0,5 Atlas X RAL 7024 мокрый асфальт",80.76923076923077,1 149 ₽/м2
"Профнастил С20 RAL 7016 антрацитово-серый 0,5 мм Стальной Бархат ","Профнастил С20R 0,5 Satin RAL 7016 антрацитово-серый",79.3103448275862,822 ₽/м2
"Профнастил С20 RAL 7016 антрацитово-серый 0,5 мм Velur20 ","Профнастил С10R 0,5 Velur X RAL 7016 антрацитово-серый",90.9090909090909,1 233 ₽/м2
"Профнастил С20 RAL 7004 сигнальный серый 0,5 мм Satin ","Профнастил С20R 0,5 Satin RAL 7004 сигнальный серый",96.15384615384616,812 ₽/м2
"Профнастил С20 RAL 6020 хромовый зелёный 0,5 мм Velur20 ","Профнастил С20R 0,5 PE lite RAL 6005 зеленый мох",73.7864077669903,Под заказ
"Профнастил С20 RAL 6005 зелёный мох 0,5 мм Satin ","Профнастил С20R 0,5 Satin RAL 6005 зеленый мох",93.61702127659575,812 ₽/м2
"Профнастил С20 RAL 6005 зелёный мох 0,5 мм Atlas ","Профнастил С20R 0,5 PE RAL 6005 зеленый мох",85.71428571428572,763 ₽/м2
"Профнастил С20 RAL 5005 сигнальный синий 0,5 мм Satin ","Профнастил С20R 0,5 Satin RAL 5005 сигнальный синий",96.15384615384616,812 ₽/м2
"Профнастил С20 RAL 3011 коричнево-красный 0,5 мм Satin ","Профнастил С20R 0,5 Satin RAL 3011 коричнево-красный",96.22641509433963,837 ₽/м2
"Профнастил С20 RAL 3009 оксид красный 0,5 мм Velur20 ","Профнастил С10R 0,5 Velur X RAL 9005 черный",73.6842105263158,1 233 ₽/м2
"Профнастил С20 RAL 3009 оксид красный 0,5 мм Satin ","Профнастил С20R 0,5 Satin RAL 3009 оксидно-красный",82.0,842 ₽/м2
"Профнастил С20 RAL 3005 винно-красный 0,5 мм Velur20 ","Профнастил С20R 0,5 PE lite RAL 3005 красное вино",77.22772277227723,Под заказ
"Профнастил С20 RAL 3005 винно-красный 0,5 мм Atlas ","Профнастил С20R 0,5 PE RAL 3005 красное вино",80.85106382978724,788 ₽/м2
"Профнастил С20 RAL 1015 светлая слоновая кость 0,5 мм Satin ","Профнастил С20R 0,5 Satin RAL 1015 светлая слоновая кость",96.55172413793103,812 ₽/м2
"Профнастил С20 Cuprum Steel 0,5 мм Quarzit ","Профнастил С20R 0,5 Zn",59.375,520 ₽/м2
Профнастил оцинкованный С20 0.5 мм Zn ,"Профнастил С20R 0,5 Zn",67.79661016949152,520 ₽/м2
"Профнастил С20 RR 32 темно-коричневый 0,45 мм Полиэстер ","Профнастил С20R 0,45 PE RR 32 темно-коричневый",83.16831683168317,741 ₽/м2
"Профнастил С20 RR 32 темно-коричневый 0,45 мм Drap ","Профнастил С20R 0,45 Drap RR 32 темно-коричневый",95.91836734693877,850 ₽/м2
"Профнастил С20 Rowan 0,45 мм Print Twincolor ","Профнастил С20R 0,45 Drap TwinColor RAL 8017 шоколад",68.75,866 ₽/м2
"Профнастил С20 RAL 9006 бело-алюминиевый 0,45 мм Полиэстер ","Профнастил С20R 0,45 PE RAL 9006 бело-алюминиевый",84.11214953271028,761 ₽/м2
"Профнастил С20 RAL 8004 медно-коричневый 0,45 мм Полиэстер ","Профнастил С20R 0,45 PE RR 32 темно-коричневый",71.15384615384616,741 ₽/м2
"Профнастил С20 RAL 7024 графитовый серый 0,45 мм Полиэстер-double ","Профнастил С20R 0,45 PE lite RAL 7024 мокрый асфальт",68.37606837606837,Под заказ
"Профнастил С20 RAL 7024 графитовый серый 0,45 мм Drap ","Профнастил С20R 0,45 Drap RAL 7024 мокрый асфальт",82.35294117647058,850 ₽/м2
"Профнастил С20 RAL 7005 мышино-серый 0,45 мм Полиэстер ","Профнастил С20R 0,45 PE RAL 7005 мышино-серый",82.82828282828282,766 ₽/м2
"Профнастил С20 RAL 6005 зелёный мох 0,45 мм Полиэстер-double ","Профнастил С20R 0,45 PE lite RAL 6005 зеленый мох",77.06422018348624,Под заказ
"Профнастил С20 RAL 6005 зелёный мох 0,45 мм Drap ","Профнастил С20R 0,45 Drap RAL 6005 зеленый мох",93.61702127659575,855 ₽/м2
"Профнастил С20 RAL 6002 лиственно-зелёный 0,45 мм Полиэстер ","Профнастил С20R 0,45 PE RAL 6002 лиственно-зеленый",82.56880733944953,746 ₽/м2
"Профнастил С20 RAL 5021 водная синь 0,45 мм Полиэстер ","Профнастил С20R 0,45 PE RAL 5021 водная синь",82.4742268041237,766 ₽/м2
"Профнастил С20 RAL 5005 сигнальный синий 0,45 мм Полиэстер ","Профнастил С20R 0,45 PE RAL 5005 сигнальный синий",84.11214953271028,741 ₽/м2
"Профнастил С20 RAL 5002 ультрамариново-синий 0,45 мм Полиэстер ","Профнастил С20R 0,45 PE RAL 5002 ультрамариново-синий",85.21739130434783,761 ₽/м2
"Профнастил С20 RAL 3011 коричнево-красный 0,45 мм Полиэстер ","Профнастил С20R 0,45 PE RAL 3011 коричнево-красный",84.40366972477065,766 ₽/м2
"Профнастил С20 RAL 3009 оксид красный 0,45 мм Полиэстер ","Профнастил С20R 0,45 PE RAL 3009 оксидно-красный",69.90291262135922,771 ₽/м2
"Профнастил С20 RAL 3005 винно-красный 0,45 мм Полиэстер-double ","Профнастил С20R 0,45 PE lite RAL 3005 красное вино",73.21428571428572,Под заказ
"Профнастил С20 RAL 3005 винно-красный 0,45 мм Полиэстер ","Профнастил С20R 0,45 PE RAL 3005 красное вино",76.0,761 ₽/м2
"Профнастил С20 RAL 3005 винно-красный 0,45 мм Drap ","Профнастил С20R 0,45 Drap RAL 3005 красное вино",88.65979381443299,860 ₽/м2
"Профнастил С20 RAL 3003 рубиново-красный 0,45 мм Полиэстер ","Профнастил С20R 0,45 PE RAL 3003 рубиново-красный",84.11214953271028,781 ₽/м2
"Профнастил С20 RAL 2004 оранжевый 0,45 мм Полиэстер ","Профнастил С20R 0,45 PE RAL 2004 оранжевый",81.72043010752688,791 ₽/м2
"Профнастил С20 RAL 1018 цинково-жёлтый 0,45 мм Полиэстер ","Профнастил С20R 0,45 PE RAL 1018 цинково-желтый",81.55339805825243,791 ₽/м2
"Профнастил С20 RAL 1015 светлая слоновая кость 0,45 мм Полиэстер ","Профнастил С20R 0,45 PE RAL 1015 светлая слоновая кость",85.71428571428572,741 ₽/м2
"Профнастил С20 RAL 1014 слоновая кость 0,45 мм Полиэстер ","Профнастил С20R 0,45 PE RAL 1014 слоновая кость",83.49514563106796,741 ₽/м2
"Профнастил С20 Nutwood 0,45 мм Print Twincolor ","Профнастил С20R 0,45 Drap TwinColor RAL 8017 шоколад",65.3061224489796,866 ₽/м2
"Профнастил С20 Antique Dub 0,45 мм Print Twincolor ","Профнастил С20R 0,45 Drap TwinColor RAL 8017 шоколад",64.70588235294117,866 ₽/м2
"Профнастил С20 Antique Dub 0,45 мм Print double ","Профнастил С20R 0,45 Drap-double TX RAL 9005 черный",61.224489795918366,974 ₽/м2
Профнастил оцинкованный С20  ,"Профнастил С20R 0,45 PE RAL 1018 цинково-желтый",62.16216216216216,791 ₽/м2
"Профнастил С20 RAL 9003 сигнальный белый 0,4 мм Полиэстер ","Профнастил С20R 0,4 PE RAL 9003 сигнальный белый",83.80952380952381,575 ₽/м2
"Профнастил С20 RAL 8017 шоколадно-коричневый 0,4 мм Полиэстер ","Профнастил С20R 0,4 PE RAL 8017 шоколад",70.0,575 ₽/м2
"Профнастил С20 RAL 6005 зелёный мох 0,4 мм Полиэстер ","Профнастил С20R 0,4 PE RAL 6005 зеленый мох",80.0,575 ₽/м2
"Профнастил С20 RAL 5005 сигнальный синий 0,4 мм Полиэстер ","Профнастил С20R 0,4 PE RAL 5005 сигнальный синий",83.80952380952381,575 ₽/м2
"Профнастил С20 RAL 3005 винно-красный 0,4 мм Полиэстер ","Профнастил С20R 0,4 PE RAL 3005 красное вино",75.51020408163265,590 ₽/м2
"Профнастил С20 RAL 1014 слоновая кость 0,4 мм Полиэстер ","Профнастил С20R 0,4 PE RAL 1014 слоновая кость",83.16831683168317,585 ₽/м2
"Профнастил С20 Antique Dub 0,4 мм Print Twincolor ","Профнастил С20R 0,45 Drap TwinColor RAL 8017 шоколад",63.366336633663366,866 ₽/м2
Профнастил оцинкованный С20 0.4 мм ,"Профнастил С20R 0,45 PE RAL 1018 цинково-желтый",64.19753086419753,791 ₽/м2
Профнастил оцинкованный С20 0.35 мм,"Профнастил С20R 0,45 PE RAL 1018 цинково-желтый",63.41463414634146,791 ₽/м2
Профнастил С20 RAL 8017 шоколадно-коричневый Полиэстер ,"Профнастил С20R 0,7 PE RAL 8017 шоколад",66.66666666666667,1 088 ₽/м2
Профнастил С20 RAL 3005 винно-красный Полиэстер ,"Профнастил С20R 0,7 PE RAL 3005 красное вино",72.52747252747253,1 118 ₽/м2
Профнастил оцинкованный С20 0.85 мм,"Профнастил С20R 0,45 PE RAL 1018 цинково-желтый",63.41463414634146,791 ₽/м2
"Профнастил С20 Safari Grey 0,5 мм Safari ","Профнастил С20R 0,5 Satin RAL 9005 черный",61.728395061728406,837 ₽/м2
"Профнастил С20 RR 750 кирпично-красный 0,5 мм GreenCoat Pural Matt ","Профнастил С20R 0,5 PurPro Matt 275 RR 32 темно-коричневый",69.35483870967742,1 450 ₽/м2
"Профнастил С20 RR 32 темно-коричневый 0,5 мм Drap ","Профнастил С20R 0,5 Drap RR 32 темно-коричневый",95.83333333333334,948 ₽/м2
"Профнастил С20 RR 29 красный 0,5 мм GreenCoat Pural ","Профнастил С20R 0,5 PurPro Matt 275 RAL 9005 черный",68.62745098039215,1 450 ₽/м2
"Профнастил С20 RAL 9003 сигнальный белый 0,5 мм Atlas ","Профнастил С20R 0,5 PE RAL 9003 сигнальный белый",89.10891089108911,763 ₽/м2
"Профнастил С20 RAL 8017 шоколадно-коричневый 0,5 мм Polydexter ","Профнастил С20R 0,45 PE-Double RAL 8017 шоколад",73.39449541284404,793 ₽/м2
"Профнастил С20 RAL 8004 медно-коричневый 0,5 мм Velur20 ","Профнастил С21R 0,5 Velur X RAL RR 32 темно-коричневый",78.89908256880733,1 382 ₽/м2
"Профнастил С20 RAL 6020 хромовый зелёный 0,5 мм Quarzit lite ","Профнастил С20R 0,5 PE lite RAL 6005 зеленый мох",77.77777777777779,Под заказ
"Профнастил С20 RAL 6020 хромовый зелёный 0,5 мм Quarzit ","Профнастил С20R 0,5 PE RAL 6005 зеленый мох",75.51020408163265,763 ₽/м2
"Профнастил С20 RAL 6005 зелёный мох 0,5 мм Quarzit matt ","Профнастил С20R 0,5 Satin Matt RAL 6005 зеленый мох",83.01886792452831,1 126 ₽/м2
"Профнастил С20 RAL 6005 зелёный мох 0,5 мм Quarzit ","Профнастил С20R 0,5 PE RAL 6005 зеленый мох",83.87096774193549,763 ₽/м2
"Профнастил С20 RAL 3005 винно-красный 0,5 мм Quarzit matt ","Профнастил С20R 0,5 Satin Matt RAL 3005 красное вино",78.89908256880733,1 126 ₽/м2
"Профнастил С20 Safari Orange 0,45 мм Safari Twincolor ","Профнастил С20R 0,45 Drap TwinColor RAL 8017 шоколад",62.857142857142854,866 ₽/м2
"Профнастил С20 RAL 8017 шоколадно-коричневый 0,45 мм Полиэстер-double ","Профнастил С20R 0,45 PE-Double RR 32 темно-коричневый",68.85245901639344,793 ₽/м2
"Профнастил С20 RAL 7024 графитовый серый 0,45 мм Полиэстер ","Профнастил С20R 0,45 PE RAL 7024 мокрый асфальт",70.47619047619047,741 ₽/м2
"Профнастил С20 Golden Wood 0,45 мм Print double ","Профнастил С20R 0,45 PE-Double RAL 9005 черный",60.215053763440864,813 ₽/м2
"Профнастил С20 Golden Dub 0,45 мм Print double ","Профнастил С20R 0,45 Zn",60.86956521739131,487 ₽/м2
"Профнастил С20 Cherry Wood 0,45 мм Print Twincolor ","Профнастил С20R 0,45 Drap TwinColor RAL 8017 шоколад",62.745098039215684,866 ₽/м2
"Профнастил С20 RAL 9002 светло-серый 0,7 мм Полиэстер ","Профнастил С20R 0,45 PE RAL 7005 мышино-серый",67.34693877551021,766 ₽/м2
"Профнастил С20 RAL 8017 шоколадно-коричневый 0,7 мм Полиэстер ","Профнастил С20R 0,7 PE RAL 8017 шоколад",70.0,1 088 ₽/м2
"Профнастил С20 RAL 5024 пастельно-синий 0,7 мм Полиэстер ","Профнастил С20R 0,45 Drap TX RAL 5024 пастельно-синий",78.89908256880733,850 ₽/м2
"Профнастил С20 RAL 3003 рубиново-красный 0,7 мм Полиэстер ","Профнастил С20R 0,45 PE RAL 3003 рубиново-красный",81.13207547169812,781 ₽/м2
"Профнастил С20 RAL 9003 сигнальный белый 0,65 мм Полиэстер ","Профнастил С20R 0,5 PE RAL 9003 сигнальный белый",83.01886792452831,763 ₽/м2
"Профнастил С20 RAL 8017 шоколадно-коричневый 0,65 мм Полиэстер ","Профнастил С20R 0,5 PE RAL 8017 шоколад",69.3069306930693,763 ₽/м2
"Профнастил С20 RAL 7004 сигнальный серый 0,65 мм Полиэстер ","Профнастил С20R 0,5 PE RAL 7004 сигнальный серый",83.01886792452831,763 ₽/м2
"Профнастил С20 RAL 6005 зелёный мох 0,65 мм Полиэстер ","Профнастил С20R 0,5 PE RAL 6005 зеленый мох",79.16666666666666,763 ₽/м2
"Профнастил С20 RAL 5005 сигнальный синий 0,65 мм Полиэстер ","Профнастил С20R 0,5 Satin RAL 5005 сигнальный синий",82.56880733944953,812 ₽/м2
"Профнастил С20 RAL 3011 коричнево-красный 0,65 мм Полиэстер ","Профнастил С20R 0,5 Satin RAL 3011 коричнево-красный",82.88288288288288,837 ₽/м2
"Профнастил С20 RAL 3005 винно-красный 0,65 мм Полиэстер ","Профнастил С20R 0,5 PE RAL 3005 красное вино",74.74747474747474,788 ₽/м2
"Профнастил С20 Safari Orange 0,5 мм Safari Twincolor ","Профнастил С20R 0,45 Drap TwinColor RAL 8017 шоколад",61.53846153846154,866 ₽/м2
"Профнастил С20 Safari Brown 0,5 мм Safari Twincolor ","Профнастил С20R 0,45 Drap TwinColor RAL 8017 шоколад",62.13592233009708,866 ₽/м2
"Профнастил С20 RR 887 коричневый 0,5 мм GreenCoat Pural Matt ","Профнастил С20R 0,5 PurPro Matt 275 RR 32 темно-коричневый",74.57627118644068,1 450 ₽/м2
"Профнастил С20 RR 32 темно-коричневый 0,5 мм Velur20 ","Профнастил С10R 0,5 Velur X RR 32 темно-коричневый",90.19607843137256,1 233 ₽/м2
"Профнастил С20 RR 32 темно-коричневый 0,5 мм Satin ","Профнастил С20R 0,5 Satin RR 32 темно-коричневый",95.91836734693877,812 ₽/м2
"Профнастил С20 RR 32 темно-коричневый 0,5 мм Polydexter ","Профнастил С20R 0,45 PE-Double RR 32 темно-коричневый",85.18518518518519,793 ₽/м2
"Профнастил С20 RR 32 темно-коричневый 0,5 мм GreenCoat Pural Matt ","Профнастил С20R Grand Line 0,5 PurLite Matt RR 32 темно-коричневый",82.44274809160305,1 273 ₽/м2
"Профнастил С20 RR 29 красный 0,5 мм GreenCoat Pural Matt ","Профнастил С20R Grand Line 0,5 PurLite Matt RAL 9005 черный",69.56521739130434,1 273 ₽/м2
"Профнастил С20 RR 11 темно-зелёный 0,5 мм Satin ","Профнастил С20R 0,5 Satin RR 32 темно-коричневый",80.0,812 ₽/м2
"Профнастил С20 RR 11 темно-зеленый 0,5 мм Quarzit lite ","Профнастил С20R 0,5 Satin Matt RR 32 темно-коричневый",69.1588785046729,1 119 ₽/м2
"Профнастил С20 RAL 9005 черный янтарь 0,5 мм Velur20 ","Профнастил С10R 0,5 Velur X RAL 9005 черный",82.10526315789474,1 233 ₽/м2
"Профнастил С20 RAL 9005 черный янтарь 0,5 мм Quarzit lite ","Профнастил С20R 0,5 Satin Matt RAL 9005 черный",75.72815533980582,1 129 ₽/м2
"Профнастил С20 RAL 9003 сигнальный белый 0,5 мм Quarzit ","Профнастил С20R 0,5 PE RAL 9003 сигнальный белый",87.37864077669903,763 ₽/м2
"Профнастил С20 RAL 8017 шоколадно-коричневый Metallic 0,5 мм Quarzit ","Профнастил С20R 0,5 Atlas X RAL 8017 шоколад",69.64285714285714,1 149 ₽/м2
"Профнастил С20 RAL 8017 шоколадно-коричневый blesk 0,5 мм Quarzit lite ","Профнастил С20R 0,5 PE lite RAL 8017 шоколад",71.9298245614035,Под заказ
"Профнастил С20 RAL 8017 шоколадно-коричневый 0,5 мм Velur20 ","Профнастил С10R 0,5 Velur X RAL 8017 шоколад",77.66990291262135,1 233 ₽/м2
"Профнастил С20 RAL 8017 шоколадно-коричневый 0,5 мм Satin ","Профнастил С20R 0,5 Satin RAL 8017 шоколад",82.82828282828282,812 ₽/м2
"Профнастил С20 RAL 8017 шоколадно-коричневый 0,5 мм Quarzit matt ","Профнастил С20R 0,5 Satin Matt RAL 8017 шоколад",73.87387387387388,1 119 ₽/м2
"Профнастил С20 RAL 8017 шоколадно-коричневый 0,5 мм Quarzit lite ","Профнастил С20R 0,5 PE lite RAL 8017 шоколад",75.92592592592592,Под заказ
"Профнастил С20 RAL 8004 медно-коричневый 0,5 мм Quarzit matt ","Профнастил С20R 0,5 Satin Matt RR 32 темно-коричневый",74.33628318584071,1 119 ₽/м2
"Профнастил С20 RAL 8004 медно-коричневый 0,5 мм Quarzit lite ","Профнастил С20R 0,5 Satin Matt RR 32 темно-коричневый",72.56637168141593,1 119 ₽/м2
"Профнастил С20 RAL 8004 медно-коричневый 0,5 мм Quarzit ","Профнастил С20R 0,5 PurPro RR 32 темно-коричневый",75.0,1 318 ₽/м2
"Профнастил С20 RAL 8004 медно-коричневый 0,5 мм Atlas ","Профнастил С20R 0,5 Atlas X RR 32 темно-коричневый",81.55339805825243,1 149 ₽/м2
"Профнастил С20 RAL 7024 графитовый серый 0,5 мм Satin ","Профнастил С20R 0,5 Satin RAL 7024 мокрый асфальт",82.35294117647058,812 ₽/м2
"Профнастил С20 RAL 7024 графитовый серый 0,5 мм Quarzit matt ","Профнастил С20R 0,5 Satin Matt RAL 7024 мокрый асфальт",73.6842105263158,1 119 ₽/м2
"Профнастил С20 RAL 7024 графитовый серый 0,5 мм Polydexter ","Профнастил С20R 0,45 PE-Double RAL 7024 мокрый асфальт",73.21428571428572,793 ₽/м2
"Профнастил С20 RAL 7016 антрацитово-серый 0,5 мм GreenCoat Pural Matt ","Профнастил С20R Grand Line 0,5 PurLite Matt RAL 7016 антрацитово-серый",83.45323741007195,1 273 ₽/м2
"Профнастил С20 RAL 7005 мышино-серый 0,5 мм Satin ","Профнастил С20R 0,45 PE RAL 7005 мышино-серый",85.1063829787234,766 ₽/м2
"Профнастил С20 RAL 6020 хромовый зелёный 0,5 мм Drap ","Профнастил С20R 0,45 Drap RAL 6005 зеленый мох",83.6734693877551,855 ₽/м2
"Профнастил С20 RAL 6005 зелёный мох 0,5 мм Velur20 ","Профнастил С20R 0,5 PE RAL 6005 зеленый мох",81.72043010752688,763 ₽/м2
"Профнастил С20 RAL 6005 зелёный мох 0,5 мм Quarzit lite ","Профнастил С20R 0,5 PE lite RAL 6005 зеленый мох",85.4368932038835,Под заказ
"Профнастил С20 RAL 6005 зелёный мох 0,5 мм Polydexter ","Профнастил С20R 0,5 PE RAL 6005 зеленый мох",83.33333333333334,763 ₽/м2
"Профнастил С20 RAL 6002 лиственно-зелёный 0,5 мм Satin ","Профнастил С20R 0,45 PE RAL 6002 лиственно-зеленый",84.61538461538461,746 ₽/м2
"Профнастил С20 RAL 5005 сигнальный синий 0,5 мм Atlas ","Профнастил С20R 0,45 PE RAL 5005 сигнальный синий",88.23529411764706,741 ₽/м2
"Профнастил С20 RAL 5001 зелёно-синий 0,5 мм Quarzit lite ","Профнастил С20R 0,5 PE lite RAL 6005 зеленый мох",75.0,Под заказ
"Профнастил С20 RAL 3009 оксид красный 0,5 мм Quarzit lite ","Профнастил С20R 0,5 PE lite RAL 3005 красное вино",73.58490566037736,Под заказ
"Профнастил С20 RAL 3005 винно-красный 0,5 мм Satin ","Профнастил С20R 0,5 Satin RAL 3005 красное вино",88.65979381443299,837 ₽/м2
"Профнастил С20 RAL 3005 винно-красный 0,5 мм Quarzit lite ","Профнастил С20R 0,5 PE lite RAL 3005 красное вино",81.13207547169812,Под заказ
"Профнастил С20 RAL 3005 винно-красный 0,5 мм Quarzit ","Профнастил С20R 0,5 PE RAL 3005 красное вино",79.16666666666666,788 ₽/м2
"Профнастил С20 RAL 3005 винно-красный 0,5 мм Polydexter ","Профнастил С20R 0,5 PE RAL 3005 красное вино",78.78787878787878,788 ₽/м2
"Профнастил С20 RAL 3005 винно-красный 0,5 мм Drap ","Профнастил С20R 0,45 Drap RAL 3005 красное вино",87.5,860 ₽/м2
"Профнастил С20 Safari Brown 0,45 мм Safari Twincolor ","Профнастил С20R 0,45 Drap TwinColor RAL 8017 шоколад",63.46153846153846,866 ₽/м2
"Профнастил С20 RAL 9005 черный янтарь 0,45 мм Drap ","Профнастил С20R 0,45 Drap RAL 9005 черный",87.91208791208791,850 ₽/м2
"Профнастил С20 RAL 9004 сигнальный чёрный 0,45 мм Полиэстер ","Профнастил С20R 0,45 PE RAL 5005 сигнальный синий",74.07407407407408,741 ₽/м2
"Профнастил С20 RAL 9003 сигнальный белый 0,45 мм Полиэстер ","Профнастил С20R 0,45 PE RAL 9003 сигнальный белый",84.11214953271028,741 ₽/м2
"Профнастил С20 RAL 8017 шоколадно-коричневый 0,45 мм Полиэстер ","Профнастил С20R 0,45 PE RAL 8017 шоколад",70.58823529411764,741 ₽/м2
"Профнастил С20 RAL 8017 шоколадно-коричневый 0,45 мм Drap ","Профнастил С20R 0,45 Drap RAL 8017 шоколад",82.82828282828282,850 ₽/м2
"Профнастил С20 RAL 8004 медно-коричневый 0,45 мм Drap ","Профнастил С20R 0,45 Drap RR 32 темно-коричневый",83.16831683168317,850 ₽/м2
"Профнастил С20 RAL 7004 сигнальный серый 0,45 мм Полиэстер ","Профнастил С20R 0,45 PE RAL 7004 сигнальный серый",84.11214953271028,741 ₽/м2
"Профнастил С20 RAL 6020 хромовый зелёный 0,45 мм Drap ","Профнастил С20R 0,45 Drap RAL 6005 зеленый мох",84.84848484848484,855 ₽/м2
"Профнастил С20 RAL 6005 зелёный мох 0,45 мм Полиэстер ","Профнастил С20R 0,45 PE RAL 6005 зеленый мох",80.41237113402062,741 ₽/м2
"Профнастил С20 RAL 3011 коричнево-красный 0,45 мм Drap ","Профнастил С20R 0,45 PE RAL 3011 коричнево-красный",90.38461538461539,766 ₽/м2
"Профнастил С20 RAL 3009 оксид красный 0,45 мм Drap ","Профнастил С20R 0,45 Drap RAL 3005 красное вино",80.41237113402062,860 ₽/м2
"Профнастил С20 NL805 0,45 мм Полиэстер ","Профнастил С20R 0,45 Zn",65.57377049180329,487 ₽/м2
"Профнастил С20 Golden Wood 0,45 мм Print Twincolor ","Профнастил С20R 0,45 Drap TwinColor RAL 8017 шоколад",62.745098039215684,866 ₽/м2
"Профнастил С20 Golden Dub 0,45 мм Print Twincolor ","Профнастил С20R 0,45 Drap TwinColor RAL 8017 шоколад",63.366336633663366,866 ₽/м2
"Профнастил С20 Fine Stone 0,45 мм Print Twincolor ","Профнастил С20R 0,45 Drap TwinColor RAL 8017 шоколад",65.34653465346535,866 ₽/м2
"Профнастил С20 Fine Stone 0,45 мм ","Профнастил С20R 0,45 Zn",75.0,487 ₽/м2
Профнастил С21 RAL 7035 светло-серый 0.7 мм,"Профнастил С21R 0,45 PE RAL 7005 мышино-серый",75.0,828 ₽/м2
Профнастил С21 RAL 7004 сигнальный серый 0.7 мм,"Профнастил С21R 0,7 PE RAL 7004 сигнальный серый",90.52631578947368,1 197 ₽/м2
Профнастил С21 RAL 6005 зеленый мох 0.7 мм,"Профнастил С21R 0,7 PE RAL 6005 зеленый мох",89.41176470588236,1 197 ₽/м2
Профнастил С21 RAL 5005 сигнальный синий 0.7 мм,"Профнастил С21R 0,7 PE RAL 5005 сигнальный синий",90.52631578947368,1 204 ₽/м2
"Профнастил С21 RAL 3005 винно-красный 0,7 мм Полиэстер ","Профнастил С21R 0,7 PE RAL 3005 красное вино",75.51020408163265,1 227 ₽/м2
Профнастил С21 RAL 1014 слоновая кость 0.7 мм,"Профнастил С21R 0,7 PE RAL 1014 слоновая кость",90.10989010989012,1 197 ₽/м2
"Профнастил С10 RAL 7004 сигнальный серый 0,7 мм Полиэстер ","Профнастил С10R 0,7 PE RAL 7004 сигнальный серый",83.80952380952381,1 068 ₽/м2
Профнастил С21 RAL 7024 графитовый серый 0.7 мм,"Профнастил С21R 0,7 PE RAL 7024 мокрый асфальт",75.26881720430107,1 204 ₽/м2
"Профнастил С21 RAL 6005 зелёный мох 0,7 мм Полиэстер ","Профнастил С21R 0,7 PE RAL 6005 зеленый мох",80.0,1 197 ₽/м2
Профнастил С21 RAL 1015 светлая слоновая кость 0.7 мм,"Профнастил С21R 0,45 PE RAL 1015 светлая слоновая кость",88.88888888888889,803 ₽/м2
nan,nan,100.0,nan
nan,nan,100.0,nan
nan,nan,100.0,nan
nan,nan,100.0,nan
nan,nan,100.0,nan
nan,nan,100.0,nan
nan,nan,100.0,nan
nan,nan,100.0,nan
nan,nan,100.0,nan
nan,nan,100.0,nan
nan,nan,100.0,nan
nan,nan,100.0,nan
nan,nan,100.0,nan
nan,nan,100.0,nan
nan,nan,100.0,nan
nan,nan,100.0,nan
nan,nan,100.0,nan
nan,nan,100.0,nan
nan,nan,100.0,nan
nan,nan,100.0,nan
nan,nan,100.0,nan
nan,nan,100.0,nan
nan,nan,100.0,nan
nan,nan,100.0,nan
nan,nan,100.0,nan
nan,nan,100.0,nan
nan,nan,100.0,nan
nan,nan,100.0,nan
nan,nan,100.0,nan
nan,nan,100.0,nan
nan,nan,100.0,nan
nan,nan,100.0,nan
nan,nan,100.0,nan
nan,nan,100.0,nan
nan,nan,100.0,nan
nan,nan,100.0,nan
nan,nan,100.0,nan
nan,nan,100.0,nan
nan,nan,100.0,nan
nan,nan,100.0,nan
nan,nan,100.0,nan
nan,nan,100.0,nan
nan,nan,100.0,nan
nan,nan,100.0,nan
nan,nan,100.0,nan
nan,nan,100.0,nan
nan,nan,100.0,nan
nan,nan,100.0,nan
nan,nan,100.0,nan
nan,nan,100.0,nan
nan,nan,100.0,nan
nan,nan,100.0,nan
nan,nan,100.0,nan
nan,nan,100.0,nan
nan,nan,100.0,nan
nan,nan,100.0,nan
nan,nan,100.0,nan
nan,nan,100.0,nan
nan,nan,100.0,nan
nan,nan,100.0,nan
nan,nan,100.0,nan
nan,nan,100.0,nan
nan,nan,100.0,nan
nan,nan,100.0,nan
nan,nan,100.0,nan
nan,nan,100.0,nan
nan,nan,100.0,nan
nan,nan,100.0,nan
nan,nan,100.0,nan
nan,nan,100.0,nan
nan,nan,100.0,nan
nan,nan,100.0,nan
nan,nan,100.0,nan
nan,nan,100.0,nan
nan,nan,100.0,nan
nan,nan,100.0,nan
nan,nan,100.0,nan
nan,nan,100.0,nan
nan,nan,100.0,nan
nan,nan,100.0,nan
nan,nan,100.0,nan
nan,nan,100.0,nan
nan,nan,100.0,nan
nan,nan,100.0,nan
nan,nan,100.0,nan
nan,nan,100.0,nan
nan,nan,100.0,nan
nan,nan,100.0,nan
nan,nan,100.0,nan
nan,nan,100.0,nan
nan,nan,100.0,nan
nan,nan,100.0,nan
nan,nan,100.0,nan
nan,nan,100.0,nan
nan,nan,100.0,nan
nan,nan,100.0,nan
nan,nan,100.0,nan
nan,nan,100.0,nan
nan,nan,100.0,nan
nan,nan,100.0,nan
nan,nan,100.0,nan
nan,nan,100.0,nan
nan,nan,100.0,nan
nan,nan,100.0,nan
nan,nan,100.0,nan
nan,nan,100.0,nan
nan,nan,100.0,nan
nan,nan,100.0,nan
nan,nan,100.0,nan
nan,nan,100.0,nan
nan,nan,100.0,nan
nan,nan,100.0,nan
nan,nan,100.0,nan
nan,nan,100.0,nan
nan,nan,100.0,nan
nan,nan,100.0,nan
nan,nan,100.0,nan
nan,nan,100.0,nan
nan,nan,100.0,nan
nan,nan,100.0,nan
nan,nan,100.0,nan
nan,nan,100.0,nan
nan,nan,100.0,nan
nan,nan,100.0,nan
nan,nan,100.0,nan
nan,nan,100.0,nan
nan,nan,100.0,nan
nan,nan,100.0,nan
nan,nan,100.0,nan
nan,nan,100.0,nan
nan,nan,100.0,nan
nan,nan,100.0,nan
nan,nan,100.0,nan
nan,nan,100.0,nan
nan,nan,100.0,nan
nan,nan,100.0,nan
nan,nan,100.0,nan
nan,nan,100.0,nan
nan,nan,100.0,nan
nan,nan,100.0,nan
nan,nan,100.0,nan
nan,nan,100.0,nan
nan,nan,100.0,nan
nan,nan,100.0,nan
nan,nan,100.0,nan
nan,nan,100.0,nan
nan,nan,100.0,nan
nan,nan,100.0,nan
nan,nan,100.0,nan
nan,nan,100.0,nan
nan,nan,100.0,nan
nan,nan,100.0,nan
nan,nan,100.0,nan
nan,nan,100.0,nan
nan,nan,100.0,nan
nan,nan,100.0,nan
nan,nan,100.0,nan
nan,nan,100.0,nan
nan,nan,100.0,nan
nan,nan,100.0,nan
nan,nan,100.0,nan
nan,nan,100.0,nan
nan,nan,100.0,nan
nan,nan,100.0,nan
nan,nan,100.0,nan
nan,nan,100.0,nan
nan,nan,100.0,nan
nan,nan,100.0,nan
nan,nan,100.0,nan
nan,nan,100.0,nan
nan,nan,100.0,nan
nan,nan,100.0,nan
nan,nan,100.0,nan
nan,nan,100.0,nan
nan,nan,100.0,nan
nan,nan,100.0,nan
nan,nan,100.0,nan
nan,nan,100.0,nan
nan,nan,100.0,nan
nan,nan,100.0,nan
nan,nan,100.0,nan
nan,nan,100.0,nan
nan,nan,100.0,nan
nan,nan,100.0,nan
nan,nan,100.0,nan
nan,nan,100.0,nan
nan,nan,100.0,nan
nan,nan,100.0,nan
nan,nan,100.0,nan
nan,nan,100.0,nan
nan,nan,100.0,nan
nan,nan,100.0,nan
nan,nan,100.0,nan
nan,nan,100.0,nan
nan,nan,100.0,nan
nan,nan,100.0,nan
nan,nan,100.0,nan
nan,nan,100.0,nan
nan,nan,100.0,nan
nan,nan,100.0,nan
nan,nan,100.0,nan
nan,nan,100.0,nan
nan,nan,100.0,nan
nan,nan,100.0,nan
nan,nan,100.0,nan
nan,nan,100.0,nan
nan,nan,100.0,nan
nan,nan,100.0,nan
nan,nan,100.0,nan
nan,nan,100.0,nan
nan,nan,100.0,nan
nan,nan,100.0,nan
nan,nan,100.0,nan
nan,nan,100.0,nan
nan,nan,100.0,nan
nan,nan,100.0,nan
nan,nan,100.0,nan
nan,nan,100.0,nan
nan,nan,100.0,nan
nan,nan,100.0,nan
nan,nan,100.0,nan
nan,nan,100.0,nan
nan,nan,100.0,nan
nan,nan,100.0,nan
nan,nan,100.0,nan
nan,nan,100.0,nan
nan,nan,100.0,nan
nan,nan,100.0,nan
nan,nan,100.0,nan
nan,nan,100.0,nan
nan,nan,100.0,nan
nan,nan,100.0,nan
nan,nan,100.0,nan
nan,nan,100.0,nan
nan,nan,100.0,nan
nan,nan,100.0,nan
nan,nan,100.0,nan
nan,nan,100.0,nan
nan,nan,100.0,nan
nan,nan,100.0,nan
nan,nan,100.0,nan
nan,nan,100.0,nan
nan,nan,100.0,nan
nan,nan,100.0,nan
nan,nan,100.0,nan
nan,nan,100.0,nan
nan,nan,100.0,nan
nan,nan,100.0,nan
nan,nan,100.0,nan
nan,nan,100.0,nan
nan,nan,100.0,nan
nan,nan,100.0,nan
nan,nan,100.0,nan
nan,nan,100.0,nan
nan,nan,100.0,nan
nan,nan,100.0,nan
nan,nan,100.0,nan
nan,nan,100.0,nan
nan,nan,100.0,nan
nan,nan,100.0,nan
nan,nan,100.0,nan
nan,nan,100.0,nan
nan,nan,100.0,nan
nan,nan,100.0,nan
nan,nan,100.0,nan
nan,nan,100.0,nan
nan,nan,100.0,nan
nan,nan,100.0,nan
nan,nan,100.0,nan
nan,nan,100.0,nan
nan,nan,100.0,nan
nan,nan,100.0,nan
nan,nan,100.0,nan
nan,nan,100.0,nan
nan,nan,100.0,nan
nan,nan,100.0,nan
nan,nan,100.0,nan
nan,nan,100.0,nan
nan,nan,100.0,nan
nan,nan,100.0,nan
nan,nan,100.0,nan
nan,nan,100.0,nan
nan,nan,100.0,nan
nan,nan,100.0,nan
nan,nan,100.0,nan
nan,nan,100.0,nan
nan,nan,100.0,nan
nan,nan,100.0,nan
nan,nan,100.0,nan
nan,nan,100.0,nan
nan,nan,100.0,nan
nan,nan,100.0,nan
nan,nan,100.0,nan
nan,nan,100.0,nan
nan,nan,100.0,nan
nan,nan,100.0,nan
nan,nan,100.0,nan
nan,nan,100.0,nan
nan,nan,100.0,nan
nan,nan,100.0,nan
nan,nan,100.0,nan
nan,nan,100.0,nan
nan,nan,100.0,nan
nan,nan,100.0,nan
nan,nan,100.0,nan
nan,nan,100.0,nan
nan,nan,100.0,nan
nan,nan,100.0,nan
nan,nan,100.0,nan
nan,nan,100.0,nan
nan,nan,100.0,nan
nan,nan,100.0,nan
nan,nan,100.0,nan
nan,nan,100.0,nan
nan,nan,100.0,nan
nan,nan,100.0,nan
nan,nan,100.0,nan
nan,nan,100.0,nan
nan,nan,100.0,nan
nan,nan,100.0,nan
nan,nan,100.0,nan
nan,nan,100.0,nan
nan,nan,100.0,nan
nan,nan,100.0,nan
nan,nan,100.0,nan
nan,nan,100.0,nan
nan,nan,100.0,nan
nan,nan,100.0,nan
nan,nan,100.0,nan
nan,nan,100.0,nan
nan,nan,100.0,nan
nan,nan,100.0,nan
nan,nan,100.0,nan
nan,nan,100.0,nan
nan,nan,100.0,nan
nan,nan,100.0,nan
nan,nan,100.0,nan
nan,nan,100.0,nan
nan,nan,100.0,nan
nan,nan,100.0,nan
nan,nan,100.0,nan
nan,nan,100.0,nan
nan,nan,100.0,nan
nan,nan,100.0,nan
nan,nan,100.0,nan
nan,nan,100.0,nan
nan,nan,100.0,nan
nan,nan,100.0,nan
nan,nan,100.0,nan
nan,nan,100.0,nan
nan,nan,100.0,nan
nan,nan,100.0,nan
nan,nan,100.0,nan
nan,nan,100.0,nan
nan,nan,100.0,nan
nan,nan,100.0,nan
nan,nan,100.0,nan
nan,nan,100.0,nan
nan,nan,100.0,nan
nan,nan,100.0,nan
nan,nan,100.0,nan
nan,nan,100.0,nan
nan,nan,100.0,nan
nan,nan,100.0,nan
nan,nan,100.0,nan
nan,nan,100.0,nan
nan,nan,100.0,nan
nan,nan,100.0,nan
nan,nan,100.0,nan
nan,nan,100.0,nan
nan,nan,100.0,nan
nan,nan,100.0,nan
nan,nan,100.0,nan
nan,nan,100.0,nan
nan,nan,100.0,nan
nan,nan,100.0,nan
nan,nan,100.0,nan
nan,nan,100.0,nan
nan,nan,100.0,nan
nan,nan,100.0,nan
nan,nan,100.0,nan
nan,nan,100.0,nan
nan,nan,100.0,nan
nan,nan,100.0,nan
nan,nan,100.0,nan
nan,nan,100.0,nan
nan,nan,100.0,nan
nan,nan,100.0,nan
nan,nan,100.0,nan
nan,nan,100.0,nan
nan,nan,100.0,nan
nan,nan,100.0,nan
nan,nan,100.0,nan
nan,nan,100.0,nan
nan,nan,100.0,nan
nan,nan,100.0,nan
nan,nan,100.0,nan
nan,nan,100.0,nan
nan,nan,100.0,nan
nan,nan,100.0,nan
nan,nan,100.0,nan
nan,nan,100.0,nan
nan,nan,100.0,nan
nan,nan,100.0,nan
nan,nan,100.0,nan
nan,nan,100.0,nan
nan,nan,100.0,nan
nan,nan,100.0,nan
nan,nan,100.0,nan
nan,nan,100.0,nan
nan,nan,100.0,nan
nan,nan,100.0,nan
nan,nan,100.0,nan
nan,nan,100.0,nan
nan,nan,100.0,nan
nan,nan,100.0,nan
nan,nan,100.0,nan
nan,nan,100.0,nan
nan,nan,100.0,nan
nan,nan,100.0,nan
nan,nan,100.0,nan
nan,nan,100.0,nan
nan,nan,100.0,nan
nan,nan,100.0,nan
nan,nan,100.0,nan
nan,nan,100.0,nan
nan,nan,100.0,nan
nan,nan,100.0,nan
nan,nan,100.0,nan
nan,nan,100.0,nan
nan,nan,100.0,nan
nan,nan,100.0,nan
nan,nan,100.0,nan
nan,nan,100.0,nan
nan,nan,100.0,nan
nan,nan,100.0,nan
nan,nan,100.0,nan
nan,nan,100.0,nan
nan,nan,100.0,nan
nan,nan,100.0,nan
nan,nan,100.0,nan
nan,nan,100.0,nan
nan,nan,100.0,nan
nan,nan,100.0,nan
nan,nan,100.0,nan
nan,nan,100.0,nan
nan,nan,100.0,nan
nan,nan,100.0,nan
nan,nan,100.0,nan
nan,nan,100.0,nan
nan,nan,100.0,nan
nan,nan,100.0,nan
nan,nan,100.0,nan
nan,nan,100.0,nan
nan,nan,100.0,nan
nan,nan,100.0,nan
nan,nan,100.0,nan
nan,nan,100.0,nan
nan,nan,100.0,nan
nan,nan,100.0,nan
nan,nan,100.0,nan
nan,nan,100.0,nan
nan,nan,100.0,nan
nan,nan,100.0,nan
nan,nan,100.0,nan
nan,nan,100.0,nan
nan,nan,100.0,nan
nan,nan,100.0,nan
nan,nan,100.0,nan
nan,nan,100.0,nan
nan,nan,100.0,nan
nan,nan,100.0,nan
nan,nan,100.0,nan
nan,nan,100.0,nan
nan,nan,100.0,nan
nan,nan,100.0,nan
nan,nan,100.0,nan
nan,nan,100.0,nan
nan,nan,100.0,nan
nan,nan,100.0,nan
nan,nan,100.0,nan
nan,nan,100.0,nan
nan,nan,100.0,nan
nan,nan,100.0,nan
nan,nan,100.0,nan
nan,nan,100.0,nan
nan,nan,100.0,nan
nan,nan,100.0,nan
nan,nan,100.0,nan
nan,nan,100.0,nan
nan,nan,100.0,nan
nan,nan,100.0,nan
nan,nan,100.0,nan
nan,nan,100.0,nan
nan,nan,100.0,nan
nan,nan,100.0,nan
nan,nan,100.0,nan
nan,nan,100.0,nan
nan,nan,100.0,nan
nan,nan,100.0,nan
nan,nan,100.0,nan
nan,nan,100.0,nan
nan,nan,100.0,nan
nan,nan,100.0,nan
nan,nan,100.0,nan
nan,nan,100.0,nan
nan,nan,100.0,nan
nan,nan,100.0,nan
nan,nan,100.0,nan
nan,nan,100.0,nan
nan,nan,100.0,nan
nan,nan,100.0,nan
nan,nan,100.0,nan
nan,nan,100.0,nan
nan,nan,100.0,nan
nan,nan,100.0,nan
nan,nan,100.0,nan
nan,nan,100.0,nan
nan,nan,100.0,nan
nan,nan,100.0,nan
nan,nan,100.0,nan
nan,nan,100.0,nan
nan,nan,100.0,nan
nan,nan,100.0,nan
nan,nan,100.0,nan
nan,nan,100.0,nan
nan,nan,100.0,nan
nan,nan,100.0,nan
nan,nan,100.0,nan
nan,nan,100.0,nan
nan,nan,100.0,nan
nan,nan,100.0,nan
nan,nan,100.0,nan
nan,nan,100.0,nan
nan,nan,100.0,nan
nan,nan,100.0,nan
nan,nan,100.0,nan
nan,nan,100.0,nan
nan,nan,100.0,nan
nan,nan,100.0,nan
nan,nan,100.0,nan
nan,nan,100.0,nan
nan,nan,100.0,nan
nan,nan,100.0,nan
nan,nan,100.0,nan
nan,nan,100.0,nan
nan,nan,100.0,nan
nan,nan,100.0,nan
nan,nan,100.0,nan
nan,nan,100.0,nan
nan,nan,100.0,nan
nan,nan,100.0,nan
nan,nan,100.0,nan
nan,nan,100.0,nan
nan,nan,100.0,nan
nan,nan,100.0,nan
nan,nan,100.0,nan
nan,nan,100.0,nan
nan,nan,100.0,nan
nan,nan,100.0,nan
nan,nan,100.0,nan
nan,nan,100.0,nan
nan,nan,100.0,nan
nan,nan,100.0,nan
nan,nan,100.0,nan
nan,nan,100.0,nan
nan,nan,100.0,nan
nan,nan,100.0,nan
nan,nan,100.0,nan
nan,nan,100.0,nan
nan,nan,100.0,nan
nan,nan,100.0,nan
nan,nan,100.0,nan
nan,nan,100.0,nan
nan,nan,100.0,nan
nan,nan,100.0,nan
nan,nan,100.0,nan
nan,nan,100.0,nan
nan,nan,100.0,nan
nan,nan,100.0,nan
nan,nan,100.0,nan
nan,nan,100.0,nan
nan,nan,100.0,nan
nan,nan,100.0,nan
nan,nan,100.0,nan
nan,nan,100.0,nan
nan,nan,100.0,nan
nan,nan,100.0,nan
nan,nan,100.0,nan
nan,nan,100.0,nan
nan,nan,100.0,nan
nan,nan,100.0,nan
nan,nan,100.0,nan
nan,nan,100.0,nan
nan,nan,100.0,nan
nan,nan,100.0,nan
nan,nan,100.0,nan
nan,nan,100.0,nan
nan,nan,100.0,nan
nan,nan,100.0,nan
nan,nan,100.0,nan
nan,nan,100.0,nan
nan,nan,100.0,nan
nan,nan,100.0,nan
nan,nan,100.0,nan
nan,nan,100.0,nan
nan,nan,100.0,nan
nan,nan,100.0,nan
nan,nan,100.0,nan
nan,nan,100.0,nan
nan,nan,100.0,nan
nan,nan,100.0,nan
nan,nan,100.0,nan
nan,nan,100.0,nan
nan,nan,100.0,nan
nan,nan,100.0,nan
nan,nan,100.0,nan
nan,nan,100.0,nan
nan,nan,100.0,nan
nan,nan,100.0,nan
nan,nan,100.0,nan
nan,nan,100.0,nan
nan,nan,100.0,nan
nan,nan,100.0,nan
nan,nan,100.0,nan
nan,nan,100.0,nan
nan,nan,100.0,nan
nan,nan,100.0,nan
nan,nan,100.0,nan
nan,nan,100.0,nan
nan,nan,100.0,nan
nan,nan,100.0,nan
nan,nan,100.0,nan
nan,nan,100.0,nan
nan,nan,100.0,nan
nan,nan,100.0,nan
nan,nan,100.0,nan
nan,nan,100.0,nan
nan,nan,100.0,nan
nan,nan,100.0,nan
nan,nan,100.0,nan
nan,nan,100.0,nan
nan,nan,100.0,nan
nan,nan,100.0,nan
nan,nan,100.0,nan
nan,nan,100.0,nan
nan,nan,100.0,nan
nan,nan,100.0,nan
nan,nan,100.0,nan
nan,nan,100.0,nan
nan,nan,100.0,nan
nan,nan,100.0,nan
nan,nan,100.0,nan
nan,nan,100.0,nan
nan,nan,100.0,nan
nan,nan,100.0,nan
nan,nan,100.0,nan
nan,nan,100.0,nan
nan,nan,100.0,nan
nan,nan,100.0,nan
nan,nan,100.0,nan
nan,nan,100.0,nan
nan,nan,100.0,nan
nan,nan,100.0,nan
nan,nan,100.0,nan
nan,nan,100.0,nan
nan,nan,100.0,nan
nan,nan,100.0,nan
nan,nan,100.0,nan
nan,nan,100.0,nan
nan,nan,100.0,nan
nan,nan,100.0,nan
nan,nan,100.0,nan
nan,nan,100.0,nan
nan,nan,100.0,nan
nan,nan,100.0,nan
nan,nan,100.0,nan
nan,nan,100.0,nan
nan,nan,100.0,nan
nan,nan,100.0,nan
nan,nan,100.0,nan
nan,nan,100.0,nan
nan,nan,100.0,nan
nan,nan,100.0,nan
nan,nan,100.0,nan
nan,nan,100.0,nan
nan,nan,100.0,nan
nan,nan,100.0,nan
nan,nan,100.0,nan
nan,nan,100.0,nan
nan,nan,100.0,nan
nan,nan,100.0,nan
nan,nan,100.0,nan
nan,nan,100.0,nan
nan,nan,100.0,nan
nan,nan,100.0,nan
nan,nan,100.0,nan
nan,nan,100.0,nan
nan,nan,100.0,nan
nan,nan,100.0,nan
nan,nan,100.0,nan
nan,nan,100.0,nan
nan,nan,100.0,nan
nan,nan,100.0,nan
nan,nan,100.0,nan
nan,nan,100.0,nan
nan,nan,100.0,nan
nan,nan,100.0,nan
nan,nan,100.0,nan
nan,nan,100.0,nan
nan,nan,100.0,nan
nan,nan,100.0,nan
nan,nan,100.0,nan
nan,nan,100.0,nan
nan,nan,100.0,nan
nan,nan,100.0,nan
nan,nan,100.0,nan
nan,nan,100.0,nan
nan,nan,100.0,nan
nan,nan,100.0,nan
nan,nan,100.0,nan
nan,nan,100.0,nan
nan,nan,100.0,nan
nan,nan,100.0,nan
nan,nan,100.0,nan
nan,nan,100.0,nan
nan,nan,100.0,nan
nan,nan,100.0,nan
nan,nan,100.0,nan
nan,nan,100.0,nan
nan,nan,100.0,nan
nan,nan,100.0,nan
nan,nan,100.0,nan
nan,nan,100.0,nan
nan,nan,100.0,nan
nan,nan,100.0,nan
nan,nan,100.0,nan
nan,nan,100.0,nan
nan,nan,100.0,nan
nan,nan,100.0,nan
nan,nan,100.0,nan
nan,nan,100.0,nan
nan,nan,100.0,nan
nan,nan,100.0,nan
nan,nan,100.0,nan
nan,nan,100.0,nan
nan,nan,100.0,nan
nan,nan,100.0,nan
nan,nan,100.0,nan
nan,nan,100.0,nan
nan,nan,100.0,nan
nan,nan,100.0,nan
nan,nan,100.0,nan
nan,nan,100.0,nan
nan,nan,100.0,nan
nan,nan,100.0,nan
nan,nan,100.0,nan
nan,nan,100.0,nan
nan,nan,100.0,nan
nan,nan,100.0,nan
nan,nan,100.0,nan
nan,nan,100.0,nan
nan,nan,100.0,nan
nan,nan,100.0,nan
nan,nan,100.0,nan
nan,nan,100.0,nan
nan,nan,100.0,nan
nan,nan,100.0,nan
nan,nan,100.0,nan
nan,nan,100.0,nan
nan,nan,100.0,nan
nan,nan,100.0,nan
nan,nan,100.0,nan
nan,nan,100.0,nan
nan,nan,100.0,nan
nan,nan,100.0,nan
nan,nan,100.0,nan
nan,nan,100.0,nan
nan,nan,100.0,nan
nan,nan,100.0,nan
nan,nan,100.0,nan
nan,nan,100.0,nan
nan,nan,100.0,nan
nan,nan,100.0,nan
nan,nan,100.0,nan
nan,nan,100.0,nan
nan,nan,100.0,nan
nan,nan,100.0,nan
nan,nan,100.0,nan
nan,nan,100.0,nan
nan,nan,100.0,nan
nan,nan,100.0,nan
nan,nan,100.0,nan
nan,nan,100.0,nan
nan,nan,100.0,nan
nan,nan,100.0,nan
nan,nan,100.0,nan
nan,nan,100.0,nan
nan,nan,100.0,nan
nan,nan,100.0,nan
nan,nan,100.0,nan
nan,nan,100.0,nan
nan,nan,100.0,nan
nan,nan,100.0,nan
nan,nan,100.0,nan
nan,nan,100.0,nan
nan,nan,100.0,nan
nan,nan,100.0,nan
nan,nan,100.0,nan
nan,nan,100.0,nan
nan,nan,100.0,nan
nan,nan,100.0,nan
nan,nan,100.0,nan
nan,nan,100.0,nan
nan,nan,100.0,nan
nan,nan,100.0,nan
nan,nan,100.0,nan
nan,nan,100.0,nan
nan,nan,100.0,nan
nan,nan,100.0,nan
nan,nan,100.0,nan
nan,nan,100.0,nan
nan,nan,100.0,nan
nan,nan,100.0,nan
nan,nan,100.0,nan
nan,nan,100.0,nan
nan,nan,100.0,nan
nan,nan,100.0,nan
nan,nan,100.0,nan
nan,nan,100.0,nan
nan,nan,100.0,nan
nan,nan,100.0,nan
nan,nan,100.0,nan
nan,nan,100.0,nan
nan,nan,100.0,nan
nan,nan,100.0,nan
nan,nan,100.0,nan
nan,nan,100.0,nan
nan,nan,100.0,nan
nan,nan,100.0,nan
nan,nan,100.0,nan
nan,nan,100.0,nan
nan,nan,100.0,nan
nan,nan,100.0,nan
nan,nan,100.0,nan
nan,nan,100.0,nan
nan,nan,100.0,nan
nan,nan,100.0,nan
nan,nan,100.0,nan
nan,nan,100.0,nan
nan,nan,100.0,nan
nan,nan,100.0,nan
nan,nan,100.0,nan
nan,nan,100.0,nan
nan,nan,100.0,nan
nan,nan,100.0,nan
nan,nan,100.0,nan
nan,nan,100.0,nan
nan,nan,100.0,nan
nan,nan,100.0,nan
nan,nan,100.0,nan
nan,nan,100.0,nan
nan,nan,100.0,nan
nan,nan,100.0,nan
nan,nan,100.0,nan
nan,nan,100.0,nan
nan,nan,100.0,nan
nan,nan,100.0,nan
nan,nan,100.0,nan
nan,nan,100.0,nan
nan,nan,100.0,nan
nan,nan,100.0,nan
nan,nan,100.0,nan
nan,nan,100.0,nan
nan,nan,100.0,nan
nan,nan,100.0,nan
nan,nan,100.0,nan
nan,nan,100.0,nan
nan,nan,100.0,nan
nan,nan,100.0,nan
nan,nan,100.0,nan
nan,nan,100.0,nan
nan,nan,100.0,nan
nan,nan,100.0,nan
nan,nan,100.0,nan
nan,nan,100.0,nan
nan,nan,100.0,nan
nan,nan,100.0,nan
nan,nan,100.0,nan
nan,nan,100.0,nan
nan,nan,100.0,nan
nan,nan,100.0,nan
nan,nan,100.0,nan
nan,nan,100.0,nan
nan,nan,100.0,nan
nan,nan,100.0,nan
nan,nan,100.0,nan
nan,nan,100.0,nan
nan,nan,100.0,nan
nan,nan,100.0,nan
nan,nan,100.0,nan
nan,nan,100.0,nan
nan,nan,100.0,nan
nan,nan,100.0,nan
nan,nan,100.0,nan
nan,nan,100.0,nan
nan,nan,100.0,nan
nan,nan,100.0,nan
nan,nan,100.0,nan
nan,nan,100.0,nan
nan,nan,100.0,nan
nan,nan,100.0,nan
nan,nan,100.0,nan
nan,nan,100.0,nan
nan,nan,100.0,nan
nan,nan,100.0,nan
nan,nan,100.0,nan
nan,nan,100.0,nan
nan,nan,100.0,nan
nan,nan,100.0,nan
nan,nan,100.0,nan
nan,nan,100.0,nan
nan,nan,100.0,nan
nan,nan,100.0,nan
nan,nan,100.0,nan
nan,nan,100.0,nan
nan,nan,100.0,nan
nan,nan,100.0,nan
nan,nan,100.0,nan
nan,nan,100.0,nan
nan,nan,100.0,nan
nan,nan,100.0,nan
nan,nan,100.0,nan
nan,nan,100.0,nan
nan,nan,100.0,nan
nan,nan,100.0,nan
nan,nan,100.0,nan
nan,nan,100.0,nan
nan,nan,100.0,nan
nan,nan,100.0,nan
nan,nan,100.0,nan
nan,nan,100.0,nan
nan,nan,100.0,nan
nan,nan,100.0,nan
nan,nan,100.0,nan
nan,nan,100.0,nan
nan,nan,100.0,nan
nan,nan,100.0,nan
nan,nan,100.0,nan
nan,nan,100.0,nan
nan,nan,100.0,nan
nan,nan,100.0,nan
nan,nan,100.0,nan
nan,nan,100.0,nan
nan,nan,100.0,nan
nan,nan,100.0,nan
nan,nan,100.0,nan
nan,nan,100.0,nan
nan,nan,100.0,nan
nan,nan,100.0,nan
nan,nan,100.0,nan
nan,nan,100.0,nan
nan,nan,100.0,nan
nan,nan,100.0,nan
nan,nan,100.0,nan
nan,nan,100.0,nan
nan,nan,100.0,nan
nan,nan,100.0,nan
nan,nan,100.0,nan
nan,nan,100.0,nan
nan,nan,100.0,nan
nan,nan,100.0,nan
nan,nan,100.0,nan
nan,nan,100.0,nan
nan,nan,100.0,nan
nan,nan,100.0,nan
nan,nan,100.0,nan
nan,nan,100.0,nan
nan,nan,100.0,nan
nan,nan,100.0,nan
nan,nan,100.0,nan
nan,nan,100.0,nan
nan,nan,100.0,nan
nan,nan,100.0,nan
nan,nan,100.0,nan
nan,nan,100.0,nan
nan,nan,100.0,nan
nan,nan,100.0,nan
nan,nan,100.0,nan
nan,nan,100.0,nan
nan,nan,100.0,nan
nan,nan,100.0,nan
nan,nan,100.0,nan
nan,nan,100.0,nan
nan,nan,100.0,nan
nan,nan,100.0,nan
nan,nan,100.0,nan
nan,nan,100.0,nan
nan,nan,100.0,nan
nan,nan,100.0,nan
nan,nan,100.0,nan
nan,nan,100.0,nan
nan,nan,100.0,nan
nan,nan,100.0,nan
nan,nan,100.0,nan
nan,nan,100.0,nan
nan,nan,100.0,nan
nan,nan,100.0,nan
nan,nan,100.0,nan
nan,nan,100.0,nan
nan,nan,100.0,nan
nan,nan,100.0,nan
nan,nan,100.0,nan
nan,nan,100.0,nan
nan,nan,100.0,nan
nan,nan,100.0,nan
nan,nan,100.0,nan
nan,nan,100.0,nan
nan,nan,100.0,nan
nan,nan,100.0,nan
nan,nan,100.0,nan
nan,nan,100.0,nan
nan,nan,100.0,nan
nan,nan,100.0,nan
nan,nan,100.0,nan
nan,nan,100.0,nan
nan,nan,100.0,nan
nan,nan,100.0,nan
nan,nan,100.0,nan
nan,nan,100.0,nan
nan,nan,100.0,nan
nan,nan,100.0,nan
nan,nan,100.0,nan
nan,nan,100.0,nan
nan,nan,100.0,nan
nan,nan,100.0,nan
nan,nan,100.0,nan
nan,nan,100.0,nan
nan,nan,100.0,nan
nan,nan,100.0,nan
nan,nan,100.0,nan
nan,nan,100.0,nan
nan,nan,100.0,nan
nan,nan,100.0,nan
nan,nan,100.0,nan
nan,nan,100.0,nan
nan,nan,100.0,nan
nan,nan,100.0,nan
nan,nan,100.0,nan
nan,nan,100.0,nan
nan,nan,100.0,nan
nan,nan,100.0,nan
nan,nan,100.0,nan
nan,nan,100.0,nan
nan,nan,100.0,nan
nan,nan,100.0,nan
nan,nan,100.0,nan
nan,nan,100.0,nan
nan,nan,100.0,nan
nan,nan,100.0,nan
nan,nan,100.0,nan
nan,nan,100.0,nan
nan,nan,100.0,nan
nan,nan,100.0,nan
nan,nan,100.0,nan
nan,nan,100.0,nan
nan,nan,100.0,nan
nan,nan,100.0,nan
nan,nan,100.0,nan
nan,nan,100.0,nan
nan,nan,100.0,nan
nan,nan,100.0,nan
nan,nan,100.0,nan
nan,nan,100.0,nan
nan,nan,100.0,nan
nan,nan,100.0,nan
nan,nan,100.0,nan
nan,nan,100.0,nan
nan,nan,100.0,nan
nan,nan,100.0,nan
nan,nan,100.0,nan
nan,nan,100.0,nan
nan,nan,100.0,nan
nan,nan,100.0,nan
nan,nan,100.0,nan
nan,nan,100.0,nan
nan,nan,100.0,nan
nan,nan,100.0,nan
nan,nan,100.0,nan
nan,nan,100.0,nan
nan,nan,100.0,nan
nan,nan,100.0,nan
nan,nan,100.0,nan
nan,nan,100.0,nan
nan,nan,100.0,nan
nan,nan,100.0,nan
nan,nan,100.0,nan
nan,nan,100.0,nan
nan,nan,100.0,nan
nan,nan,100.0,nan
nan,nan,100.0,nan
nan,nan,100.0,nan
nan,nan,100.0,nan
nan,nan,100.0,nan
nan,nan,100.0,nan
nan,nan,100.0,nan
nan,nan,100.0,nan
nan,nan,100.0,nan
nan,nan,100.0,nan
nan,nan,100.0,nan
nan,nan,100.0,nan
nan,nan,100.0,nan
nan,nan,100.0,nan
nan,nan,100.0,nan
nan,nan,100.0,nan
nan,nan,100.0,nan
nan,nan,100.0,nan
nan,nan,100.0,nan
nan,nan,100.0,nan
nan,nan,100.0,nan
nan,nan,100.0,nan
nan,nan,100.0,nan
nan,nan,100.0,nan
nan,nan,100.0,nan
nan,nan,100.0,nan
nan,nan,100.0,nan
nan,nan,100.0,nan
nan,nan,100.0,nan
nan,nan,100.0,nan
nan,nan,100.0,nan
nan,nan,100.0,nan
nan,nan,100.0,nan
nan,nan,100.0,nan
nan,nan,100.0,nan
nan,nan,100.0,nan
nan,nan,100.0,nan
nan,nan,100.0,nan
nan,nan,100.0,nan
nan,nan,100.0,nan
nan,nan,100.0,nan
nan,nan,100.0,nan
nan,nan,100.0,nan
nan,nan,100.0,nan
nan,nan,100.0,nan
nan,nan,100.0,nan
nan,nan,100.0,nan
nan,nan,100.0,nan
nan,nan,100.0,nan
nan,nan,100.0,nan
nan,nan,100.0,nan
nan,nan,100.0,nan
nan,nan,100.0,nan
nan,nan,100.0,nan
nan,nan,100.0,nan
nan,nan,100.0,nan
nan,nan,100.0,nan
nan,nan,100.0,nan
nan,nan,100.0,nan
nan,nan,100.0,nan
nan,nan,100.0,nan
nan,nan,100.0,nan
nan,nan,100.0,nan
nan,nan,100.0,nan
nan,nan,100.0,nan
nan,nan,100.0,nan
nan,nan,100.0,nan
nan,nan,100.0,nan
nan,nan,100.0,nan
nan,nan,100.0,nan
nan,nan,100.0,nan
nan,nan,100.0,nan
nan,nan,100.0,nan
nan,nan,100.0,nan
nan,nan,100.0,nan
nan,nan,100.0,nan
nan,nan,100.0,nan
nan,nan,100.0,nan
nan,nan,100.0,nan
nan,nan,100.0,nan
nan,nan,100.0,nan
nan,nan,100.0,nan
nan,nan,100.0,nan
nan,nan,100.0,nan
nan,nan,100.0,nan
nan,nan,100.0,nan
nan,nan,100.0,nan
nan,nan,100.0,nan
nan,nan,100.0,nan
nan,nan,100.0,nan
nan,nan,100.0,nan
nan,nan,100.0,nan
nan,nan,100.0,nan
nan,nan,100.0,nan
nan,nan,100.0,nan
nan,nan,100.0,nan
nan,nan,100.0,nan
nan,nan,100.0,nan
nan,nan,100.0,nan
nan,nan,100.0,nan
nan,nan,100.0,nan
nan,nan,100.0,nan
nan,nan,100.0,nan
nan,nan,100.0,nan
nan,nan,100.0,nan
nan,nan,100.0,nan
nan,nan,100.0,nan
nan,nan,100.0,nan
nan,nan,100.0,nan
nan,nan,100.0,nan
nan,nan,100.0,nan
nan,nan,100.0,nan
nan,nan,100.0,nan
nan,nan,100.0,nan
nan,nan,100.0,nan
nan,nan,100.0,nan
nan,nan,100.0,nan
nan,nan,100.0,nan
nan,nan,100.0,nan
nan,nan,100.0,nan
nan,nan,100.0,nan
nan,nan,100.0,nan
nan,nan,100.0,nan
nan,nan,100.0,nan
nan,nan,100.0,nan
nan,nan,100.0,nan
nan,nan,100.0,nan
nan,nan,100.0,nan
nan,nan,100.0,nan
nan,nan,100.0,nan
nan,nan,100.0,nan
nan,nan,100.0,nan
nan,nan,100.0,nan
nan,nan,100.0,nan
nan,nan,100.0,nan
nan,nan,100.0,nan
nan,nan,100.0,nan
nan,nan,100.0,nan
nan,nan,100.0,nan
nan,nan,100.0,nan
nan,nan,100.0,nan
nan,nan,100.0,nan
nan,nan,100.0,nan
nan,nan,100.0,nan
nan,nan,100.0,nan
nan,nan,100.0,nan
nan,nan,100.0,nan
nan,nan,100.0,nan
nan,nan,100.0,nan
nan,nan,100.0,nan
nan,nan,100.0,nan
nan,nan,100.0,nan
nan,nan,100.0,nan
nan,nan,100.0,nan
nan,nan,100.0,nan
nan,nan,100.0,nan
nan,nan,100.0,nan
nan,nan,100.0,nan
nan,nan,100.0,nan
nan,nan,100.0,nan
nan,nan,100.0,nan
nan,nan,100.0,nan
nan,nan,100.0,nan
nan,nan,100.0,nan
nan,nan,100.0,nan
nan,nan,100.0,nan
nan,nan,100.0,nan
nan,nan,100.0,nan
nan,nan,100.0,nan
nan,nan,100.0,nan
nan,nan,100.0,nan
nan,nan,100.0,nan
nan,nan,100.0,nan
nan,nan,100.0,nan
nan,nan,100.0,nan
nan,nan,100.0,nan
nan,nan,100.0,nan
nan,nan,100.0,nan
nan,nan,100.0,nan
nan,nan,100.0,nan
nan,nan,100.0,nan
nan,nan,100.0,nan
nan,nan,100.0,nan
nan,nan,100.0,nan
nan,nan,100.0,nan
nan,nan,100.0,nan
nan,nan,100.0,nan
nan,nan,100.0,nan
nan,nan,100.0,nan
nan,nan,100.0,nan
nan,nan,100.0,nan
nan,nan,100.0,nan
nan,nan,100.0,nan
nan,nan,100.0,nan
nan,nan,100.0,nan
nan,nan,100.0,nan
nan,nan,100.0,nan
nan,nan,100.0,nan
nan,nan,100.0,nan
nan,nan,100.0,nan
nan,nan,100.0,nan
nan,nan,100.0,nan
nan,nan,100.0,nan
nan,nan,100.0,nan
nan,nan,100.0,nan
nan,nan,100.0,nan
nan,nan,100.0,nan
nan,nan,100.0,nan
nan,nan,100.0,nan
nan,nan,100.0,nan
nan,nan,100.0,nan
nan,nan,100.0,nan
nan,nan,100.0,nan
nan,nan,100.0,nan
nan,nan,100.0,nan
nan,nan,100.0,nan
nan,nan,100.0,nan
nan,nan,100.0,nan
nan,nan,100.0,nan
nan,nan,100.0,nan
nan,nan,100.0,nan
nan,nan,100.0,nan
nan,nan,100.0,nan
nan,nan,100.0,nan
nan,nan,100.0,nan
nan,nan,100.0,nan
nan,nan,100.0,nan
nan,nan,100.0,nan
nan,nan,100.0,nan
nan,nan,100.0,nan
nan,nan,100.0,nan
nan,nan,100.0,nan
nan,nan,100.0,nan
nan,nan,100.0,nan
nan,nan,100.0,nan
nan,nan,100.0,nan
nan,nan,100.0,nan
nan,nan,100.0,nan
nan,nan,100.0,nan
nan,nan,100.0,nan
nan,nan,100.0,nan
nan,nan,100.0,nan
nan,nan,100.0,nan
nan,nan,100.0,nan
nan,nan,100.0,nan
nan,nan,100.0,nan
nan,nan,100.0,nan
nan,nan,100.0,nan
nan,nan,100.0,nan
nan,nan,100.0,nan
nan,nan,100.0,nan
nan,nan,100.0,nan
nan,nan,100.0,nan
nan,nan,100.0,nan
nan,nan,100.0,nan
nan,nan,100.0,nan
nan,nan,100.0,nan
nan,nan,100.0,nan
nan,nan,100.0,nan
nan,nan,100.0,nan
nan,nan,100.0,nan
nan,nan,100.0,nan
nan,nan,100.0,nan
nan,nan,100.0,nan
nan,nan,100.0,nan
nan,nan,100.0,nan
nan,nan,100.0,nan
nan,nan,100.0,nan
nan,nan,100.0,nan
nan,nan,100.0,nan
nan,nan,100.0,nan
nan,nan,100.0,nan
nan,nan,100.0,nan
nan,nan,100.0,nan
nan,nan,100.0,nan
nan,nan,100.0,nan
nan,nan,100.0,nan
nan,nan,100.0,nan
nan,nan,100.0,nan
nan,nan,100.0,nan
nan,nan,100.0,nan
nan,nan,100.0,nan
nan,nan,100.0,nan
nan,nan,100.0,nan
nan,nan,100.0,nan
nan,nan,100.0,nan
nan,nan,100.0,nan
nan,nan,100.0,nan
nan,nan,100.0,nan
nan,nan,100.0,nan
nan,nan,100.0,nan
nan,nan,100.0,nan
nan,nan,100.0,nan
nan,nan,100.0,nan
nan,nan,100.0,nan
nan,nan,100.0,nan
nan,nan,100.0,nan
nan,nan,100.0,nan
nan,nan,100.0,nan
nan,nan,100.0,nan
nan,nan,100.0,nan
nan,nan,100.0,nan
nan,nan,100.0,nan
nan,nan,100.0,nan
nan,nan,100.0,nan
nan,nan,100.0,nan
nan,nan,100.0,nan
nan,nan,100.0,nan
nan,nan,100.0,nan
nan,nan,100.0,nan
nan,nan,100.0,nan
nan,nan,100.0,nan
nan,nan,100.0,nan
nan,nan,100.0,nan
nan,nan,100.0,nan
nan,nan,100.0,nan
nan,nan,100.0,nan
nan,nan,100.0,nan
nan,nan,100.0,nan
nan,nan,100.0,nan
nan,nan,100.0,nan
nan,nan,100.0,nan
nan,nan,100.0,nan
nan,nan,100.0,nan
nan,nan,100.0,nan
nan,nan,100.0,nan
nan,nan,100.0,nan
nan,nan,100.0,nan
nan,nan,100.0,nan
nan,nan,100.0,nan
nan,nan,100.0,nan
nan,nan,100.0,nan
nan,nan,100.0,nan
nan,nan,100.0,nan
nan,nan,100.0,nan
nan,nan,100.0,nan
nan,nan,100.0,nan
nan,nan,100.0,nan
nan,nan,100.0,nan
nan,nan,100.0,nan
nan,nan,100.0,nan
nan,nan,100.0,nan
nan,nan,100.0,nan
nan,nan,100.0,nan
nan,nan,100.0,nan
nan,nan,100.0,nan
nan,nan,100.0,nan
nan,nan,100.0,nan
nan,nan,100.0,nan
nan,nan,100.0,nan
nan,nan,100.0,nan
nan,nan,100.0,nan
nan,nan,100.0,nan
nan,nan,100.0,nan
nan,nan,100.0,nan
nan,nan,100.0,nan
nan,nan,100.0,nan
nan,nan,100.0,nan
nan,nan,100.0,nan
nan,nan,100.0,nan
nan,nan,100.0,nan
nan,nan,100.0,nan
nan,nan,100.0,nan
nan,nan,100.0,nan
nan,nan,100.0,nan
nan,nan,100.0,nan
nan,nan,100.0,nan
nan,nan,100.0,nan
nan,nan,100.0,nan
nan,nan,100.0,nan
nan,nan,100.0,nan
nan,nan,100.0,nan
nan,nan,100.0,nan
nan,nan,100.0,nan
nan,nan,100.0,nan
nan,nan,100.0,nan
nan,nan,100.0,nan
nan,nan,100.0,nan
nan,nan,100.0,nan
nan,nan,100.0,nan
nan,nan,100.0,nan
nan,nan,100.0,nan
nan,nan,100.0,nan
nan,nan,100.0,nan
nan,nan,100.0,nan
nan,nan,100.0,nan
nan,nan,100.0,nan
nan,nan,100.0,nan
nan,nan,100.0,nan
nan,nan,100.0,nan
nan,nan,100.0,nan
nan,nan,100.0,nan
nan,nan,100.0,nan
nan,nan,100.0,nan
nan,nan,100.0,nan
nan,nan,100.0,nan
nan,nan,100.0,nan
nan,nan,100.0,nan
nan,nan,100.0,nan
nan,nan,100.0,nan
nan,nan,100.0,nan
nan,nan,100.0,nan
nan,nan,100.0,nan
nan,nan,100.0,nan
nan,nan,100.0,nan
nan,nan,100.0,nan
nan,nan,100.0,nan
nan,nan,100.0,nan
nan,nan,100.0,nan
nan,nan,100.0,nan
nan,nan,100.0,nan
nan,nan,100.0,nan
nan,nan,100.0,nan
nan,nan,100.0,nan
nan,nan,100.0,nan
nan,nan,100.0,nan
nan,nan,100.0,nan
nan,nan,100.0,nan
nan,nan,100.0,nan
nan,nan,100.0,nan
nan,nan,100.0,nan
